resultid,resultmonth,player1,player2,player1winprobability
3,2019-02,4372,3464,0.5481696915678809
6,2019-02,3671,3507,0.4525223739407807
8,2019-08,4584,53374,0.29399871142819806
9,2019-08,10759,10751,0.6672301262060828
13,2019-10,405461,1194009,0.5574159020207557
16,2019-10,52346,77442,0.5124153605333505
18,2019-03,10378,51673,0.7399195093604887
19,2019-11,3850,54846,0.634702271486507
20,2019-07,207037,95506,0.47353644319696697
26,2019-09,10244,10839,0.462594367410752
27,2019-11,1398938,55849,0.6137570967648812
33,2019-02,10769,10246,0.516255834695545
40,2019-09,10807,1739159,0.44113713501480667
46,2019-10,58977,240231,0.4960581071826914
47,2019-08,54171,3654,0.45568496457931285
52,2019-02,196974,206781,0.6249666156210898
53,2019-08,2555953,2611367,0.3766098823758994
61,2019-03,10759,28487,0.5543860137529737
62,2019-08,11767,59434,0.6649808537331378
71,2019-01,54309,10750,0.494161028652021
75,2019-09,265169,10785,0.43310749701728873
82,2019-04,10695,10347,0.3764414790257009
83,2019-10,4954,773853,0.4176135507825609
92,2019-10,175945,10807,0.588723920885515
93,2019-07,308451,806774,0.5561161073628216
95,2019-08,60718,3746,0.3285787803755679
98,2019-08,1740216,83953,0.6398239335729428
105,2019-12,207039,195354,0.4547290667972219
107,2019-08,10789,11318,0.5543217512307531
108,2019-08,54130,3588,0.4573379407470528
115,2019-10,252053,4348,0.514811486368516
119,2019-08,2206500,85223,0.39199787726668966
120,2019-03,2035498,58272,0.31816277852450264
123,2019-03,2514772,10378,0.3147542528631282
124,2019-08,10324,10769,0.44721294315406523
127,2019-10,3644,4690,0.289567670897002
128,2019-01,224134,94283,0.3058360905748419
129,2019-08,204410,3498,0.5670895479076218
135,2019-08,28527,42919,0.4437331857508592
138,2019-09,200425,49953,0.5881114155337531
139,2019-09,3564,54351,0.5254458264075264
142,2019-04,11063,836822,0.48263493418090675
144,2019-03,10307,10319,0.5150430269108198
152,2019-09,58235,10383,0.5330129666861941
155,2019-01,3495,3659,0.5017280121760023
157,2019-08,11695,10749,0.5434285990744295
159,2019-01,260593,3686,0.5315594587422499
160,2019-11,2466141,2583619,0.48054287160429715
161,2019-08,10297,11286,0.5364957571100107
166,2019-08,806774,1008596,0.44305870204258535
176,2019-08,10839,1739159,0.5318009610017302
179,2019-10,3617,55210,0.6335434640240813
180,2019-08,10378,50083,0.6743162638138496
183,2019-07,806774,3699,0.41059719887384394
188,2019-11,743551,115535,0.5193340059617948
190,2019-11,55965,57433,0.4495864718255606
198,2019-01,206796,3495,0.5952286113148278
199,2019-08,230116,141998,0.284645587924654
200,2019-07,3673,95375,0.47696163052007734
212,2019-09,28990,2602428,0.517095115303973
214,2019-08,3499,3700,0.34123190836307177
215,2019-03,3558,49924,0.4982363951346603
218,2019-07,41668,2124594,0.4549536427287909
219,2019-03,3499,3481,0.43832028356525543
227,2019-10,55965,1711873,0.4920481934178974
229,2019-08,217512,2516571,0.5689304183066632
230,2019-10,85223,100217,0.4750254896239818
232,2019-09,2602428,2035498,0.44337261123943156
234,2019-10,58977,3687,0.3814887028135053
236,2019-04,268261,54309,0.5732645132142768
237,2019-03,52886,3687,0.5099852428900206
238,2019-06,286985,1459374,0.5570345533742028
239,2019-08,58235,67431,0.54381386367357
245,2019-03,4299,51288,0.4887820387374111
261,2019-08,10839,1607950,0.5164576181479794
272,2019-07,4072,54638,0.7073552609021027
275,2019-02,3464,1398935,0.40281861564391863
276,2019-01,34159,57418,0.5249109248381546
277,2019-08,10527,11466,0.46735404413688336
288,2019-09,53391,11599,0.40413992247950514
293,2019-08,2035498,11356,0.5284578667620112
299,2019-09,50113,10250,0.5661245691391997
301,2019-05,9505,49979,0.4427617625551368
303,2019-08,55849,3469,0.3822213250377021
304,2019-08,1940917,4417,0.6942733376203302
306,2019-02,206781,95506,0.5295834874387052
311,2019-05,2590128,2085750,0.4773186963324378
316,2019-11,42681,3878,0.42042942307384507
317,2019-08,3871,3507,0.5828392657565117
318,2019-10,3503,3878,0.5730744580831644
319,2019-08,4122,2065915,0.5237738300564142
325,2019-08,235621,206796,0.5485598094555397
326,2019-10,52346,146056,0.47807426993565877
333,2019-07,308451,51222,0.5842635219807808
336,2019-05,3961,3679,0.5234699700794584
344,2019-08,3478,218159,0.788714254535892
350,2019-06,173321,3711,0.48316236593362144
353,2019-10,4190,1157738,0.6265692630612218
354,2019-03,10344,398304,0.22142000436524756
361,2019-08,1194009,3495,0.5430400387480359
362,2019-09,24753,11466,0.43629897545246177
364,2019-10,52598,960543,0.5901077737547111
366,2019-01,4560,53149,0.4635313262254908
370,2019-01,10286,10323,0.5679020654312179
387,2019-10,217512,4372,0.6798008725303908
392,2019-09,2566922,3503,0.35085641036816523
393,2019-09,59382,4075,0.4711192663330928
397,2019-09,1393213,3718,0.6306843054333025
400,2019-09,1969408,70649,0.2881268786575855
401,2019-03,53149,77968,0.3201798582262923
403,2019-09,10378,10283,0.6836620135975009
411,2019-10,253923,3962,0.3718221364461145
412,2019-10,83218,142094,0.6971849105360877
416,2019-10,1988251,2093825,0.5377491073782024
417,2019-01,3475,3691,0.5689065521551931
422,2019-09,259658,28145,0.4266933465203546
424,2019-10,85223,52346,0.5165541693329336
429,2019-09,54458,1742954,0.4913480949384449
440,2019-03,10964,10750,0.45393117757639057
445,2019-03,11695,11349,0.3460161456834505
448,2019-09,4035,206794,0.6390127368727836
449,2019-10,398304,378488,0.673497518549043
453,2019-02,10306,10590,0.615788908005463
470,2019-08,11767,10292,0.6709649700354802
477,2019-11,2526148,51790,0.5220732663577696
483,2019-02,11095,10306,0.5050154319125256
498,2019-05,1711873,4464,0.28062861170471787
512,2019-08,28900,52345,0.6094576661197363
523,2019-12,1711967,114452,0.6156399235928972
529,2019-07,2104153,3765,0.512328912898636
531,2019-05,4633,167844,0.6790768331056524
533,2019-10,3486,7479,0.42318223728077287
535,2019-10,224142,94283,0.2533831186435201
536,2019-11,4401,2566922,0.4723241455291581
542,2019-03,45027,91939,0.5944502479320982
559,2019-01,4417,3608,0.4774741242803318
560,2019-10,2125639,2047419,0.4814352885288971
574,2019-08,3469,4417,0.6697875079250512
577,2019-08,3871,3495,0.5392977937753152
581,2019-03,10850,398304,0.2224696629059457
595,2019-10,4151,3486,0.48349257251237504
597,2019-10,55282,3617,0.5274237767672827
598,2019-08,3570,50772,0.3344707527680115
601,2019-07,1570645,50772,0.4061151638440154
602,2019-08,95375,4508,0.5325364610341389
605,2019-10,70784,51289,0.41069010676630596
608,2019-01,217512,55282,0.6131421267314321
617,2019-01,3712,3734,0.3826962682085319
620,2019-06,802298,64700,0.4286565038949458
623,2019-01,10378,58235,0.6009322736065613
625,2019-09,1969408,249399,0.5004098701197551
632,2019-10,52886,3469,0.44823833949547537
636,2019-02,3474,3499,0.5103010492836297
638,2019-03,3464,3475,0.3462395398628732
643,2019-08,51094,58232,0.3985740923200439
645,2019-03,10346,2230756,0.5224907104414706
649,2019-01,11466,259658,0.5814170533674059
657,2019-08,259120,10246,0.3317031066106486
659,2019-08,3481,53374,0.27750174833248004
662,2019-09,2555959,191910,0.596910841343232
663,2019-10,60157,3587,0.4559940607479605
666,2019-01,836822,10338,0.5176081530833174
667,2019-07,2103686,65638,0.4418036668793578
669,2019-10,2568933,4128,0.5337434177791405
670,2019-06,3534,51794,0.39751038799482363
671,2019-09,51259,2526148,0.38090843091474574
681,2019-10,200392,142094,0.48499440516245396
682,2019-03,10242,11342,0.36422216079631087
685,2019-12,10788,191924,0.4689945434003392
686,2019-11,3558,65638,0.4890773850732491
691,2019-08,167901,100217,0.3895272695851366
692,2019-07,42919,2204714,0.5578028036240867
698,2019-02,1607952,207039,0.6116748970613488
699,2019-03,268261,57418,0.5606961824654806
702,2019-08,10819,84281,0.4585996024079082
703,2019-08,28527,80810,0.44885518864011315
705,2019-03,3734,3570,0.4722143712130258
709,2019-03,3850,206783,0.5001992071778382
711,2019-03,206806,3993,0.4234135820430366
712,2019-08,223621,364584,0.48345307978358865
714,2019-08,3619,70414,0.5610346177786084
715,2019-11,87175,70414,0.5882128712188531
719,2019-08,4372,204410,0.44410940793611114
720,2019-09,10286,2114659,0.5670576132164616
722,2019-10,3962,52886,0.48496136424570246
728,2019-07,10305,2035498,0.5459095981595646
731,2019-07,4487,3723,0.5021891187664774
736,2019-10,196974,3464,0.684314108280894
737,2019-11,1948598,206794,0.6285033785097862
739,2019-11,2596786,1948598,0.47552620467049683
745,2019-09,1740216,55849,0.6674217364981899
746,2019-03,10854,161912,0.3955628928434888
750,2019-01,83218,1984892,0.6918619687506617
751,2019-08,11356,10527,0.47249405068570827
753,2019-02,3878,94283,0.34361347951542165
754,2019-02,3785,51297,0.4805306737580568
762,2019-08,90634,70622,0.4257850271207088
763,2019-08,157972,34144,0.6571923707577111
778,2019-08,1083703,4611,0.430963610730747
779,2019-09,1083703,59419,0.39104129039737745
785,2019-09,53840,53374,0.45747100285883546
787,2019-11,191865,1740216,0.3630181223612877
801,2019-08,76531,53374,0.3783097259171061
808,2019-06,1971098,5164,0.5434620841500534
821,2019-01,3734,4047,0.49789874192635203
823,2019-10,179979,2590128,0.4594824137342511
824,2019-02,11140,10819,0.3667713460603965
826,2019-08,1607950,11666,0.4936578390426554
833,2019-10,55849,3460,0.5428266600777263
839,2019-06,286985,64700,0.44000299211068
841,2019-02,53840,3718,0.7237647598890166
842,2019-08,11599,10403,0.6514280388455329
851,2019-08,260593,54351,0.6195460040285478
852,2019-01,2087072,207438,0.5465757940071785
861,2019-08,53840,3687,0.6353307660636885
874,2019-07,2085750,1971098,0.5066987227266968
876,2019-08,4560,200425,0.31571224867316616
878,2019-10,405461,54171,0.5902997827306697
880,2019-09,1712024,10829,0.5473870803836104
888,2019-07,28081,1444784,0.6243955048194987
889,2019-09,205461,4487,0.5543649934895787
894,2019-09,1570645,2085751,0.6103040710283607
895,2019-03,1988251,76531,0.40622956534449806
902,2019-07,1607539,3711,0.4653570448368872
905,2019-07,308451,252053,0.4629301755896745
912,2019-09,3569,2085750,0.39153931763058447
913,2019-10,1984892,52341,0.4393088546659066
917,2019-03,11095,10839,0.45883454121591144
918,2019-05,373773,5225,0.4170579792132328
920,2019-02,2596786,27182,0.35169238501629213
921,2019-09,28399,10807,0.4458763518875431
922,2019-10,11346,146056,0.3753532887824572
923,2019-08,28097,3927,0.5590289946808493
925,2019-09,3962,4560,0.5815205786928278
928,2019-02,52886,3587,0.5689054210161678
929,2019-10,1459374,1948598,0.4319742088501826
930,2019-05,51790,373773,0.6050979190699628
933,2019-08,844356,11342,0.3757529366618471
938,2019-10,2095984,91084,0.4056825159417335
941,2019-02,3761,200425,0.44549533694424875
942,2019-08,4128,55210,0.5686789475105525
955,2019-01,207037,3474,0.5326054563248451
971,2019-11,1984892,1948598,0.5065183730632913
975,2019-06,197507,44785,0.4924724602203751
976,2019-10,3745,95375,0.42652153057178854
981,2019-03,10751,83015,0.4811719325342361
982,2019-09,10531,42587,0.47725934871741466
983,2019-03,73237,1517181,0.5714276261098283
985,2019-10,3959,65365,0.4743383613421322
988,2019-09,4401,3884,0.4716347043050774
993,2019-09,11348,11370,0.5045063790498262
998,2019-08,4072,125087,0.5667475907552415
1000,2019-09,252053,2085751,0.5192515222131129
1002,2019-11,27273,206794,0.5993507835691163
1004,2019-02,2093432,53198,0.536453294155546
1006,2019-10,259658,11767,0.316043658113655
1010,2019-03,3464,3943,0.47029261059484334
1020,2019-08,11695,10473,0.36978861714718403
1024,2019-09,34103,398304,0.36886755448864234
1025,2019-09,4151,4802,0.4380976286329419
1030,2019-02,844356,11134,0.44951763359923963
1032,2019-08,47138,3558,0.4277856503580107
1038,2019-10,10751,10403,0.45161073356984804
1039,2019-09,10479,10324,0.576371684371777
1040,2019-10,268917,59419,0.3786669796690723
1041,2019-11,3478,3469,0.6938165910877983
1046,2019-01,11140,57418,0.4732480914367818
1053,2019-08,3481,3495,0.48087855122460504
1055,2019-09,10864,41562,0.46253990674955586
1059,2019-07,218755,3718,0.5668058870860847
1060,2019-10,3982,235621,0.5219793764317097
1062,2019-09,153464,74682,0.5171665065650365
1064,2019-10,3478,94283,0.577578854154012
1065,2019-09,4190,3791,0.5935798620442136
1068,2019-09,2097125,1983491,0.4307393677834581
1069,2019-09,5225,4128,0.4854868749954635
1071,2019-11,191903,206783,0.4104036700041515
1072,2019-08,50083,2097125,0.5430780988905326
1073,2019-08,10339,51304,0.4043412419844498
1075,2019-01,206796,3871,0.556780774478348
1078,2019-10,3558,2536184,0.5752825392715754
1079,2019-09,11040,51673,0.5895701599624078
1081,2019-10,56797,65638,0.45619289072774805
1082,2019-03,34037,4072,0.3387575234144869
1085,2019-02,65365,2005359,0.41916399854772407
1086,2019-08,10590,10765,0.3249264009807663
1094,2019-09,54171,49954,0.5577202797038274
1098,2019-09,4053,3718,0.5360845564391834
1100,2019-08,11599,11349,0.45309657779977147
1102,2019-02,4686,73237,0.5961172978231444
1105,2019-10,167901,84513,0.3781515267089664
1107,2019-09,71334,11275,0.5339860944908882
1109,2019-10,5218,94598,0.6254771640145813
1110,2019-08,49953,3478,0.2694092279781664
1113,2019-10,1398935,3460,0.611096826422053
1117,2019-02,1906302,2085750,0.44045900896324136
1119,2019-02,2596786,206794,0.6053549336581737
1125,2019-08,10479,10532,0.5025525344461731
1126,2019-10,2525708,2095984,0.41760269950142764
1127,2019-02,2611278,10839,0.38883669118258474
1130,2019-07,4401,4053,0.4843719822182025
1132,2019-08,24753,52346,0.4118652686736855
1137,2019-10,27182,1157738,0.7226450507947612
1138,2019-09,3605,77968,0.26925130479771653
1139,2019-01,2601750,3702,0.35253730611875944
1141,2019-08,10344,11695,0.5088428679813612
1144,2019-10,765205,10850,0.41860316697010114
1145,2019-01,3464,55282,0.38093166403207523
1149,2019-11,3456,3478,0.41608670087659433
1150,2019-01,2616345,3943,0.5140704424330969
1152,2019-11,42381,33118,0.43652677177457194
1153,2019-09,59419,95524,0.5586251875699668
1154,2019-08,802298,247320,0.2528315579453413
1158,2019-10,11348,10292,0.5707166251407578
1159,2019-01,1398935,3901,0.5019885319388514
1164,2019-09,3499,217512,0.2536211544075077
1168,2019-07,1444784,5164,0.4656750693663396
1171,2019-10,50454,77977,0.459582967557075
1174,2019-01,10378,28487,0.6173267580081879
1179,2019-10,135645,50992,0.5228829811957723
1180,2019-10,219786,11361,0.5592653815764085
1182,2019-09,53292,64428,0.5554279242643234
1186,2019-10,58977,51314,0.4905646810112122
1187,2019-02,11247,10479,0.3733675329063552
1203,2019-09,398304,50083,0.8078534066027072
1206,2019-10,224678,247320,0.2554637937305166
1210,2019-09,49954,95524,0.4211617599682009
1212,2019-10,4073,56797,0.6369760914856673
1214,2019-07,308451,4169,0.5541513366044091
1221,2019-03,3695,2611704,0.5855653329899227
1223,2019-10,3466,27335,0.5671048168205595
1255,2019-10,3495,217512,0.31975745723713533
1256,2019-12,2035485,262476,0.4536643563006062
1258,2019-08,95506,2108184,0.5419011123549052
1259,2019-07,124948,2087254,0.4555317352589781
1272,2019-11,176778,95161,0.5400506676013822
1277,2019-03,10760,398304,0.18724394122150556
1278,2019-10,2536184,2590526,0.47976125855516377
1283,2019-10,9505,206329,0.3845151344920715
1286,2019-07,1978582,4464,0.42276051486558014
1290,2019-07,10305,84281,0.3833474095472097
1297,2019-09,34144,11487,0.4457740674729901
1298,2019-11,166446,206329,0.44009070760370705
1304,2019-08,11349,10324,0.6345486516352026
1310,2019-11,1570645,4169,0.6764612975035441
1311,2019-09,11042,50113,0.4114085521696727
1315,2019-08,82405,11286,0.5579310248695427
1316,2019-09,47138,197507,0.5029138839614578
1320,2019-03,3961,4299,0.6418563129583701
1334,2019-08,70649,10305,0.6591234440041438
1339,2019-09,262476,52003,0.6733491276976142
1344,2019-09,4169,2537714,0.4457350602150485
1349,2019-01,3698,204410,0.4075835603554264
1352,2019-10,53840,52294,0.577028740766959
1353,2019-09,4193,1570645,0.2963362747369089
1354,2019-10,28097,57433,0.43734201501414016
1355,2019-03,11767,11356,0.6647033803458202
1356,2019-10,54113,1609240,0.47626205821058554
1360,2019-09,1609088,10843,0.453995449448481
1368,2019-09,5218,3994,0.531010554905763
1370,2019-09,3867,1570645,0.5093577086114152
1371,2019-05,4073,28080,0.5660919359386908
1373,2019-07,3671,3946,0.39454353401751424
1381,2019-07,1157738,3765,0.49583206092641924
1382,2019-10,3878,217512,0.3788296019960198
1384,2019-08,49930,3503,0.3751743648352173
1389,2019-08,28085,191111,0.5023796359728553
1393,2019-08,59419,93398,0.5915367668024158
1395,2019-08,27182,3713,0.6214478681804032
1396,2019-09,34201,27273,0.4143822416557033
1397,2019-07,100217,10793,0.506229466569061
1413,2019-10,67623,3700,0.5748870884465744
1414,2019-09,4401,56823,0.4159700348255044
1416,2019-08,96338,3498,0.6112488111652997
1417,2019-02,3691,207037,0.5792409703689081
1421,2019-05,2590128,49924,0.5261580283752175
1424,2019-02,4348,3605,0.5769725201377589
1426,2019-08,10769,11640,0.5439030361988048
1429,2019-02,3495,51296,0.4840113482462196
1432,2019-09,2095346,1740216,0.3200163720921626
1436,2019-08,802298,28097,0.5617227767364503
1438,2019-10,51297,2516571,0.3933846542856981
1442,2019-08,95375,51653,0.5239660852126764
1444,2019-09,81226,3564,0.6222263852747875
1446,2019-09,3746,50772,0.37721094611345823
1447,2019-09,51304,1983491,0.507846914741052
1448,2019-07,2087254,4075,0.48891041244451305
1456,2019-07,4464,4169,0.7240193845419627
1482,2019-06,124948,2536184,0.5374137641994566
1484,2019-06,10063,230116,0.45795112420878986
1485,2019-07,1971098,51322,0.4939125029893355
1488,2019-04,10322,10793,0.4622080387073705
1490,2019-09,11558,11247,0.6433954324838631
1496,2019-08,303997,60156,0.5748436728559121
1508,2019-10,135645,1008596,0.484443996689461
1520,2019-06,28080,1948598,0.5410031452140454
1525,2019-09,55282,218163,0.4604485708486329
1528,2019-09,50772,28081,0.6141145774755746
1532,2019-10,4169,4508,0.4244232807367898
1535,2019-08,65638,1740216,0.357854629340438
1541,2019-02,4686,3474,0.6752236620713493
1545,2019-08,4690,28081,0.5009178534179657
1548,2019-10,10695,42381,0.5097600067135231
1551,2019-01,3867,235621,0.47607266008768445
1552,2019-09,3468,3499,0.6161705182791779
1562,2019-08,70414,84505,0.512385854337637
1572,2019-01,10267,10323,0.4261108229795656
1575,2019-07,206783,1978582,0.4900222450648053
1580,2019-08,806774,51222,0.5286900631600944
1582,2019-03,224678,83218,0.286615808253397
1584,2019-03,398304,70649,0.6191061359719457
1591,2019-10,1863628,3943,0.4926598681724547
1596,2019-01,207037,3687,0.42375696361913423
1598,2019-06,3765,3666,0.4387643088449456
1599,2019-03,77442,28900,0.5437251069726446
1605,2019-07,142094,77968,0.32891327497258377
1608,2019-01,3832,200399,0.41419795589703917
1609,2019-03,4445,53840,0.3736451933407652
1610,2019-09,2095346,4073,0.3645677109617426
1615,2019-01,11042,10340,0.47998620384512125
1616,2019-08,4372,93116,0.5875610772052239
1626,2019-12,262476,1784530,0.5633194675985658
1629,2019-10,74092,51701,0.5823638764118414
1633,2019-01,3570,3608,0.5875666245839241
1634,2019-07,5069,3503,0.3332670700162062
1636,2019-07,11599,10283,0.6535423566061387
1639,2019-03,1739159,10789,0.5278284112393526
1641,2019-12,79581,11286,0.4755632080436399
1642,2019-10,10819,10473,0.4809836598929354
1645,2019-10,3456,4372,0.7067297166917414
1649,2019-08,11342,10250,0.6272129727468098
1654,2019-10,41668,3644,0.55255961911852
1655,2019-09,1712024,10378,0.35296347252228966
1661,2019-08,54171,802298,0.5345665893829017
1668,2019-03,2590128,2085750,0.4773186963324378
1670,2019-07,84513,1398920,0.7154778137939175
1682,2019-10,4733,1945656,0.3440276787300791
1683,2019-08,4515,53374,0.46279834262868264
1688,2019-07,42919,3765,0.569620968625724
1689,2019-08,11767,10244,0.6267106150675053
1697,2019-04,10344,58272,0.33395861929670273
1699,2019-11,256513,4622,0.513793041849656
1700,2019-01,3474,3927,0.5750554243812557
1704,2019-02,3619,3474,0.5925244402372224
1706,2019-07,10347,10479,0.474031590640546
1708,2019-06,45571,1971098,0.3306098295690748
1715,2019-01,240233,1742954,0.40090753525296524
1716,2019-08,3766,3962,0.6001574433576372
1718,2019-08,1711873,802298,0.4584132637290469
1723,2019-12,4299,802298,0.4973027632378577
1724,2019-09,1517181,10063,0.44785652678347476
1725,2019-07,2525708,308451,0.4664172531742264
1726,2019-01,53840,3503,0.5386882280095595
1731,2019-07,1618756,4190,0.4474608578949129
1735,2019-02,200425,3475,0.5336047889018848
1740,2019-10,3498,95506,0.5008196538913743
1749,2019-03,4445,4417,0.6219966095835409
1750,2019-10,1374418,77977,0.3799890816722711
1751,2019-10,3766,3884,0.6452702606943712
1752,2019-08,3871,260593,0.4759882954122836
1762,2019-01,268262,10267,0.5973351018625296
1763,2019-09,10244,146056,0.4347411016126713
1768,2019-09,200392,200425,0.34352777368237203
1771,2019-01,53840,49953,0.6194032914452758
1772,2019-10,11346,2608472,0.4216342165033713
1780,2019-02,53374,3475,0.6073061872739001
1782,2019-09,64700,51297,0.5355946882643037
1786,2019-08,10292,11042,0.46032000962385616
1787,2019-01,253195,3495,0.46235165899110087
1790,2019-07,1517181,81226,0.3554256165484332
1792,2019-07,2095341,141946,0.5435383127985328
1796,2019-03,10246,10338,0.5409765556414536
1799,2019-08,206783,2566922,0.5946748740371909
1802,2019-03,4584,1607952,0.45394853682048036
1804,2019-03,10789,11349,0.3296480304966322
1808,2019-02,11558,219786,0.5033873722886631
1810,2019-12,49884,373773,0.6017985481652458
1811,2019-05,1863628,2526148,0.4657115008479504
1812,2019-10,206794,51433,0.3564288435197202
1822,2019-03,593241,11356,0.6208154035487221
1824,2019-07,53840,3608,0.7159535009052138
1833,2019-01,45027,10750,0.5940915581950283
1834,2019-09,93201,28900,0.46539233127433494
1836,2019-09,45571,205461,0.35059666447453636
1838,2019-09,34159,10346,0.4906617157605479
1839,2019-07,53292,4151,0.5787907572309656
1841,2019-10,204410,3481,0.5751887938215468
1842,2019-09,207039,28097,0.5208066699975034
1845,2019-10,3994,3558,0.5639435955506928
1847,2019-10,182561,4348,0.5082078141685461
1849,2019-03,94283,3702,0.6989081945360249
1850,2019-10,53391,11318,0.5869846166768704
1852,2019-03,92088,223621,0.6137820758410357
1853,2019-10,64428,51256,0.3317010494675595
1854,2019-08,836822,1607950,0.5095301197305835
1858,2019-08,217512,3499,0.7463788455924922
1862,2019-05,2536184,49979,0.48112727598197647
1866,2019-10,54113,2566922,0.46024174712720856
1871,2019-10,206806,3475,0.42567229799773443
1874,2019-08,3482,3734,0.4654644910615457
1886,2019-08,3687,3478,0.25621011512430714
1890,2019-01,3691,53374,0.32884928224197285
1891,2019-02,3490,54171,0.4797963434303099
1892,2019-07,1726478,191841,0.4880785998043285
1894,2019-11,3699,256513,0.5362894443009769
1903,2019-09,1570645,405461,0.510995823598813
1908,2019-09,34159,10307,0.4889036828303215
1917,2019-10,74148,10807,0.5026631079756816
1920,2019-08,10281,836822,0.5839678582408233
1923,2019-05,87188,80810,0.49117645784899705
1925,2019-08,53840,94283,0.45071963324671754
1928,2019-08,59434,28290,0.5101342599814824
1943,2019-10,4348,56823,0.46217985581985926
1951,2019-09,10872,53488,0.5282324481475182
1953,2019-09,10789,10317,0.512372014872922
1960,2019-10,34159,11346,0.5863334581060435
1968,2019-09,200392,4151,0.5318467190458127
1969,2019-10,206796,196974,0.45095872358182937
1971,2019-07,49984,51315,0.48066057098569553
1973,2019-08,1194009,51296,0.5271260544093567
1974,2019-07,1157738,2087254,0.38488819180472683
1978,2019-09,51794,141998,0.31257565793138287
1979,2019-01,49953,3478,0.2694092279781664
1980,2019-11,3699,4073,0.4115676670623692
1986,2019-08,11134,2114659,0.6480226078808257
1992,2019-01,3927,3460,0.4166930312919507
1996,2019-09,11466,45507,0.5571909585121718
1999,2019-09,2204585,3746,0.4065503186102395
2010,2019-08,95161,1194009,0.4426218205015699
2011,2019-03,3713,53255,0.5327691128345295
2012,2019-08,76531,212742,0.5809364674340926
2018,2019-06,96338,2600371,0.6132442540322969
2019,2019-01,3901,3499,0.6269225490681856
2027,2019-07,3967,4133,0.4371426702559442
2029,2019-01,3659,206806,0.46213675159093653
2030,2019-09,53028,2536184,0.5402299669152587
2033,2019-01,10759,11359,0.6266830549051984
2040,2019-09,95161,55908,0.40452727126948324
2048,2019-09,10352,10246,0.3307481913795005
2051,2019-08,176778,93398,0.5282669780331475
2062,2019-03,11348,259658,0.5852192690364051
2070,2019-10,4075,1710702,0.5243066154171936
2071,2019-10,4686,52337,0.7074242787275677
2074,2019-08,1969408,10751,0.5679734257219863
2078,2019-11,10259,24836,0.5041143429577256
2080,2019-09,42587,2114659,0.5968869457727064
2085,2019-08,207037,67623,0.31263890879270223
2093,2019-10,45447,191910,0.5141841596772845
2096,2019-02,206794,3533,0.42482127969288364
2097,2019-03,3481,3469,0.38250196996890357
2100,2019-08,53840,2095984,0.6421222427391973
2102,2019-02,207039,53840,0.27385672033799213
2113,2019-10,83218,3478,0.4024896704670633
2115,2019-08,1607950,364584,0.5847402441793486
2119,2019-05,3503,54638,0.7405507637911052
2121,2019-02,4151,3644,0.5829654166263729
2123,2019-08,391097,2611772,0.4778174025887998
2136,2019-11,4508,70622,0.43926288390470347
2139,2019-02,53374,200425,0.5747800259967961
2143,2019-09,53292,252053,0.5114756703092959
2144,2019-03,3686,52341,0.4667396608531234
2150,2019-08,70522,27182,0.3721760914223865
2151,2019-10,54846,3605,0.5162652647554383
2153,2019-01,2230756,10306,0.5211304545340201
2154,2019-08,3878,53840,0.38948704798774536
2155,2019-08,28527,4021,0.34447335091051684
2166,2019-03,4372,3927,0.6428676603025693
2167,2019-08,10323,10457,0.4630371863605447
2171,2019-10,2093825,2502489,0.49793009233162827
2179,2019-07,70649,10310,0.7021213527096294
2180,2019-07,167844,3699,0.421180916656477
2181,2019-11,95161,67623,0.33335181319335544
2183,2019-08,69327,76935,0.5230497048409422
2184,2019-10,51297,3475,0.40129534674647616
2187,2019-02,10378,161912,0.6267478244737722
2188,2019-08,42681,96338,0.3846750128468947
2189,2019-10,10352,52345,0.501615602900574
2191,2019-10,53449,53840,0.3885202169840981
2192,2019-11,76935,3746,0.45091908587568524
2193,2019-09,11035,85223,0.4234958609467593
2197,2019-10,53840,52341,0.6104888588683328
2203,2019-02,10819,836822,0.5791113432762479
2211,2019-09,4802,3597,0.5019381764357969
2212,2019-09,28145,11134,0.442620524053724
2220,2019-03,3558,51288,0.5141920574179695
2222,2019-08,28081,55282,0.5170731521979414
2229,2019-02,52886,3828,0.39847837787981283
2230,2019-08,259120,45027,0.3015578377989442
2232,2019-07,2566922,153710,0.4788491716196424
2233,2019-09,10310,167901,0.5105462699689094
2235,2019-11,10273,10347,0.4900454063868739
2236,2019-08,3894,3860,0.46709471304365224
2243,2019-07,1880727,3982,0.3283959895139374
2247,2019-08,167901,11040,0.5015859233986031
2250,2019-10,10281,378488,0.47707605819551435
2251,2019-12,1712668,2590128,0.4609881444072892
2252,2019-10,50772,4611,0.6530753810459966
2253,2019-02,10287,52345,0.6628558976525621
2256,2019-02,10325,2595933,0.6005106258159272
2257,2019-03,3943,3994,0.42069731146743583
2267,2019-01,10479,11161,0.6056604448424627
2277,2019-01,3673,217512,0.3312732800908299
2279,2019-08,84513,24753,0.6388978343569729
2282,2019-09,4122,1609240,0.5469458001681221
2286,2019-11,1712024,51094,0.5567092466397714
2288,2019-09,4690,52886,0.5428223286436413
2296,2019-10,52294,3687,0.5608388491949196
2303,2019-11,96338,64428,0.6248327485352995
2306,2019-10,65365,3654,0.48875510661774946
2309,2019-03,11042,28145,0.48079952099906764
2312,2019-07,2568933,2526148,0.5032518262976227
2313,2019-01,11042,259658,0.5544125219529557
2315,2019-02,3654,3878,0.4888574422687103
2317,2019-08,4417,235621,0.29208447266916315
2318,2019-09,265169,11487,0.4758885484215046
2321,2019-09,981589,391097,0.4551868908221344
2330,2019-08,77442,10403,0.5787675398434288
2333,2019-03,10479,11695,0.5969355571731241
2334,2019-08,3766,2087254,0.6283824508287607
2335,2019-10,364584,11342,0.30254340216818437
2337,2019-10,52346,44970,0.593114523341323
2342,2019-10,9505,1459374,0.454117729271711
2357,2019-06,4391,1399808,0.49839626073174226
2360,2019-10,2516571,218159,0.6397198347208897
2361,2019-08,1008596,91084,0.35971804553443604
2364,2019-11,411593,4169,0.5875941271669519
2365,2019-07,844356,10378,0.3776985735524086
2366,2019-03,142094,224678,0.519477420034306
2370,2019-08,2035498,10383,0.48017076695046756
2371,2019-09,28081,51322,0.5429171022356171
2374,2019-01,85223,1707534,0.6130028961639068
2375,2019-10,51259,52833,0.38558931734746804
2377,2019-09,11349,52346,0.6097119192767373
2379,2019-07,3723,182464,0.477117539115111
2381,2019-08,10305,11042,0.54172391084265
2384,2019-02,196974,3700,0.5619590817508622
2387,2019-07,2095984,51794,0.46064944629288385
2395,2019-09,197507,405461,0.32841438342901025
2399,2019-08,10378,11767,0.5126431062589933
2402,2019-08,196974,67623,0.4868275154026166
2405,2019-09,3659,4348,0.4941599570033576
2407,2019-10,10850,10788,0.5873962895278573
2409,2019-05,802298,2516571,0.35943397964871343
2413,2019-03,2555959,11161,0.5659924191184579
2414,2019-02,191038,51094,0.4476235860208694
2420,2019-09,4905,54638,0.5954251352633106
2421,2019-09,10695,10703,0.49251774362871525
2428,2019-07,3713,60718,0.5979856976850761
2432,2019-08,3882,51322,0.4640311688073868
2433,2019-08,2095984,4073,0.42666213670583963
2441,2019-01,3734,94283,0.29326421001895137
2445,2019-08,1740216,4073,0.549364494516554
2453,2019-10,1969408,223621,0.5526135079018643
2456,2019-02,3700,4031,0.5221594653574052
2461,2019-05,55419,7681,0.47353051257118134
2465,2019-10,1459374,2579584,0.49790378896515747
2468,2019-10,2516571,4035,0.6086619805822008
2471,2019-08,55200,2611367,0.4817903660061964
2472,2019-03,10789,167901,0.5048502662625513
2476,2019-10,11035,10250,0.46900343529941374
2481,2019-09,378488,219786,0.5292766409853863
2487,2019-02,53198,11767,0.35082748913426254
2489,2019-10,45571,1399808,0.3781733641755357
2493,2019-10,4372,3468,0.46336812383388654
2494,2019-10,53840,52886,0.6260267281730166
2495,2019-08,10246,10352,0.6692518086204995
2498,2019-10,4464,3839,0.6703508917324471
2501,2019-02,11348,24753,0.5675444697037008
2503,2019-05,1863628,65638,0.4661048327529288
2504,2019-07,3723,4690,0.373740124755894
2506,2019-10,1984892,3495,0.5041252909356994
2507,2019-09,3456,3469,0.6175505624142831
2513,2019-08,53449,4205,0.2791000006235665
2514,2019-10,10794,10536,0.5355767408726491
2517,2019-01,34159,11775,0.5528113957306834
2519,2019-08,2095984,830070,0.5134927755849538
2521,2019-02,11342,11370,0.6235567826254639
2534,2019-01,847617,10785,0.43419323856966857
2541,2019-10,1601923,1988251,0.5675700871477473
2545,2019-09,53292,1570645,0.41930292033892075
2547,2019-08,1398935,142094,0.5525735209493546
2558,2019-03,235621,4205,0.3487010741750247
2562,2019-10,10807,2125639,0.5002419725940307
2564,2019-03,11063,10788,0.5939130263870772
2567,2019-10,11767,1607950,0.6068481339535394
2583,2019-09,74588,10788,0.4753167080789027
2584,2019-01,10766,11247,0.5074477744175521
2586,2019-09,411593,1399808,0.5263822220432057
2588,2019-05,51794,4072,0.4736403404412051
2592,2019-08,2568933,28080,0.473506694994245
2595,2019-10,166504,3718,0.6077872520390933
2596,2019-03,2555959,223621,0.6313073415071401
2599,2019-10,200399,247320,0.40434965644818455
2603,2019-09,64700,273950,0.5761181161529205
2612,2019-08,10306,83015,0.5686230493171762
2619,2019-09,70649,167938,0.6948568561326423
2628,2019-01,3458,4151,0.5096474456104652
2630,2019-08,2047419,10347,0.3980204448437264
2632,2019-09,1940917,54415,0.7254847478236819
2635,2019-03,11466,10249,0.5949618011047944
2640,2019-08,10281,10749,0.6572654885540299
2644,2019-08,379580,86294,0.4827731133582946
2647,2019-02,4348,3863,0.5377778930445987
2648,2019-01,11348,10340,0.5114038086038627
2656,2019-10,3475,2601750,0.7284495725856104
2661,2019-08,51433,53449,0.4499736846692049
2664,2019-08,81226,3698,0.6258206993618244
2665,2019-10,3673,218163,0.401209180921542
2670,2019-06,55419,2525708,0.44445372527262667
2672,2019-09,3828,3746,0.5696768811744506
2675,2019-08,4733,4299,0.4593023299676421
2683,2019-08,10793,10473,0.44983806533078674
2687,2019-09,167938,10346,0.4573494772586676
2692,2019-09,52345,2555959,0.32989023182549065
2694,2019-03,3702,3993,0.40417205802199757
2697,2019-11,197507,1489870,0.43114321739053213
2699,2019-07,230116,51314,0.6083440086995494
2703,2019-10,49884,217710,0.5191272819561008
2710,2019-02,10340,10793,0.4325766112535862
2715,2019-09,52886,3993,0.4356146272393029
2716,2019-08,1609088,10872,0.47388219287944616
2717,2019-10,259658,11035,0.45351987218564266
2719,2019-11,4053,54883,0.46782311586477027
2727,2019-10,2103686,2568933,0.43820914846300346
2738,2019-03,162815,4508,0.522514497201052
2739,2019-10,2526148,253814,0.5428821476190085
2746,2019-08,204410,3495,0.5563916463371323
2751,2019-07,3982,27182,0.5410050073671447
2754,2019-08,11076,10695,0.650835110045184
2755,2019-11,67623,224678,0.6729725285926262
2757,2019-10,52886,52294,0.44902252031861867
2760,2019-12,2616345,4299,0.5237896760935375
2766,2019-09,93116,3884,0.42699415767062926
2767,2019-11,2170539,2616345,0.5456415223160263
2771,2019-08,206796,224678,0.6158949636721491
2772,2019-09,3810,195354,0.47566265381877143
2775,2019-09,84281,10287,0.6050408052200699
2778,2019-07,41750,205200,0.41862249009899705
2784,2019-09,10274,10344,0.5459138140202967
2787,2019-10,253195,198546,0.3850047117223797
2788,2019-02,74911,2611278,0.5761937029031214
2790,2019-02,10759,11767,0.44788356637804216
2795,2019-08,51673,2608472,0.36676528012666
2796,2019-03,10769,92088,0.5354955510981454
2798,2019-08,86294,4464,0.35138110155009067
2799,2019-03,4690,3564,0.6220953404638841
2801,2019-08,161912,10319,0.49104564927030697
2807,2019-10,3959,198546,0.43796774615949463
2808,2019-07,4193,95506,0.4083447532350931
2811,2019-09,161912,10248,0.42181117563575965
2812,2019-07,2204585,3734,0.4799213697361722
2816,2019-09,11599,50113,0.527454926116977
2823,2019-06,4169,1625971,0.4907694892408605
2824,2019-03,1398920,10352,0.4889455941257666
2826,2019-02,83218,263508,0.678320992943694
2829,2019-01,114452,378488,0.24338080684980226
2830,2019-08,3785,3882,0.47999170563867627
2833,2019-08,166504,4611,0.4974802934982449
2836,2019-10,28990,10789,0.46943411509345023
2841,2019-09,85223,10793,0.4812432836725849
2850,2019-02,3474,3464,0.47700458641792165
2853,2019-01,3587,3871,0.44021861575666127
2854,2019-10,55282,51259,0.6779383125184607
2857,2019-03,10473,10250,0.6131755753194897
2860,2019-08,378488,100217,0.5528075419097713
2862,2019-10,91084,5218,0.5337629782943232
2863,2019-01,10807,11767,0.32472256374048086
2869,2019-09,4169,91959,0.39697539587861236
2873,2019-10,73237,54351,0.5727999603251781
2880,2019-11,49884,2104153,0.5796046832847398
2886,2019-08,3499,77968,0.26327392165536817
2888,2019-10,4515,3832,0.6182556117831457
2892,2019-03,3723,3718,0.5258544481614142
2896,2019-11,3765,51314,0.46354491418721594
2897,2019-09,10324,10259,0.5843435954892641
2898,2019-08,10286,28290,0.5348149919022566
2899,2019-11,55849,87175,0.4304420165537992
2904,2019-01,219786,268262,0.6639468597884384
2906,2019-01,3828,3490,0.6568374090113779
2915,2019-02,3589,34037,0.618171297200391
2916,2019-10,3570,83218,0.3349088136875128
2923,2019-11,169560,2600371,0.47868912201011815
2925,2019-07,51288,206329,0.4826721162600712
2927,2019-04,51304,1712024,0.5039375401828249
2931,2019-10,247320,3466,0.7248644394479408
2934,2019-11,57251,3766,0.3690711112146887
2940,2019-09,2516571,53840,0.44215057565342447
2941,2019-09,2611998,56823,0.4071956787693614
2942,2019-08,2516571,50772,0.41340438539681046
2943,2019-07,85223,157972,0.503556509712983
2945,2019-10,11063,59434,0.5548100720998126
2947,2019-09,10274,74588,0.6525169526329719
2948,2019-10,4073,60156,0.6766912332562146
2949,2019-12,71334,191924,0.53554189136177
2951,2019-02,10750,28145,0.48325788080886284
2952,2019-08,10242,398304,0.22146515307765396
2958,2019-08,49953,4193,0.6548364706274772
2960,2019-10,28097,3499,0.49398143244432646
2962,2019-09,10344,268261,0.44357846950570773
2963,2019-10,34159,10526,0.5559372951235724
2964,2019-09,2231281,10807,0.551514709502351
2967,2019-10,53449,3832,0.5017920310525996
2972,2019-10,4445,4299,0.5755273032635608
2977,2019-12,1711967,1609206,0.5633762829824949
2983,2019-08,58235,10536,0.6469918119573067
2984,2019-01,67623,4205,0.3612120989649363
2986,2019-10,59434,10751,0.5546159401127337
2992,2019-08,3882,1978582,0.4215806056704552
2999,2019-07,10274,11359,0.6017914977570639
3000,2019-03,46561,203816,0.49827552944776854
3004,2019-03,11035,10347,0.4157007459901239
3006,2019-08,2065915,70522,0.49678818854619844
3007,2019-08,64618,1739159,0.48680506389954836
3008,2019-09,3482,52873,0.45041217701313935
3009,2019-10,53840,3871,0.6346738124952427
3010,2019-01,224678,3867,0.36095276026255124
3016,2019-02,3503,3608,0.6833942032061188
3026,2019-09,50772,4487,0.7248040187595578
3029,2019-08,2097125,259120,0.5381027113508451
3039,2019-01,45027,268261,0.5272429643066335
3043,2019-07,3480,55419,0.5516013679980373
3044,2019-08,1978582,2391589,0.6661848418449283
3051,2019-10,247320,3993,0.6293749563233821
3059,2019-02,3828,4031,0.589483080136098
3066,2019-08,10249,2555946,0.49944380039805936
3068,2019-07,3469,5164,0.6012038741080855
3071,2019-09,10403,10283,0.5023311174449547
3073,2019-07,1393213,1607952,0.5231644714869305
3078,2019-03,10378,51304,0.6434311521767814
3079,2019-01,70649,268262,0.7381672127157679
3088,2019-09,10292,10281,0.34171101524884395
3094,2019-03,11348,45027,0.43412741194733323
3101,2019-05,5225,70622,0.40058938467841193
3103,2019-07,64366,2488176,0.5079026470549771
3106,2019-10,4073,53378,0.6152633598552425
3112,2019-02,77968,52341,0.6092229437730093
3113,2019-10,146056,28150,0.5731444954332269
3116,2019-03,11095,11161,0.5092448113588074
3119,2019-05,3907,55419,0.616015725048296
3120,2019-09,3666,54883,0.44749276907943414
3122,2019-02,1712024,2118860,0.4973405345156752
3123,2019-10,3686,3871,0.4924292976414876
3124,2019-09,4690,3700,0.5082576578766859
3125,2019-08,166504,3723,0.5828564142436097
3133,2019-09,10789,11599,0.3724757309723555
3137,2019-11,70784,87175,0.40002024731131386
3138,2019-09,4372,3456,0.2932702833082585
3139,2019-10,10242,10248,0.4143887411960273
3141,2019-08,765205,10346,0.39122189363911886
3147,2019-01,98984,161912,0.356847645105376
3149,2019-09,3882,76531,0.4164932901386627
3151,2019-01,3666,53149,0.46449022942130325
3152,2019-09,11042,11558,0.3811444814678581
3154,2019-09,252210,206886,0.5058871023816791
3157,2019-09,53085,3482,0.49228774228007083
3167,2019-11,214689,10347,0.4614780729464112
3168,2019-09,4487,27182,0.34407837495627364
3175,2019-11,4047,58915,0.5231393249948186
3178,2019-02,10767,10352,0.5710248557632283
3184,2019-03,240233,2035498,0.3472217866890125
3185,2019-02,42469,10267,0.65006373044883
3192,2019-10,54130,3884,0.43752584234737224
3197,2019-09,207039,2245575,0.44863584420666963
3198,2019-10,252053,1984892,0.5147984028415267
3201,2019-02,219786,10759,0.5316752717577202
3205,2019-08,4372,2005359,0.3787212654648701
3209,2019-01,10749,10854,0.5457934695493819
3219,2019-10,11361,11342,0.4062703395935196
3225,2019-08,3534,4508,0.463262537914805
3229,2019-02,11076,53368,0.602856578702694
3237,2019-10,2516571,3495,0.6171332702907515
3238,2019-07,3503,1726478,0.6973017721789561
3240,2019-03,10292,11695,0.455443519504806
3244,2019-03,45027,58235,0.5488490868067426
3245,2019-08,51259,70522,0.3938553802027572
3247,2019-08,806774,1940917,0.307119074861705
3248,2019-08,10767,2555953,0.6075925632075537
3254,2019-07,268261,10248,0.4701699412607477
3255,2019-08,84281,268261,0.5892768442037579
3256,2019-09,10281,11095,0.6168949838351434
3272,2019-07,51296,1393213,0.4457641771489185
3273,2019-11,1083703,4128,0.5008112727260421
3275,2019-06,141998,1945656,0.6681990492416748
3276,2019-06,1607539,9505,0.5817867378674285
3277,2019-09,11767,28900,0.6383885848147924
3283,2019-11,28836,10590,0.5531164689219689
3287,2019-09,4445,3654,0.4943592843589014
3289,2019-10,1906302,1906139,0.503010782483757
3293,2019-10,224142,3701,0.5090004224713827
3294,2019-08,219786,167901,0.6327610034056632
3301,2019-11,308451,141998,0.2416009204998286
3302,2019-09,1726478,373773,0.5497514572182507
3303,2019-09,11370,10346,0.4832380857584694
3305,2019-09,45027,10248,0.4974044684367013
3306,2019-02,10323,92088,0.3821094125466707
3311,2019-10,57529,5218,0.4887775404551684
3314,2019-03,4031,3605,0.6314672719060527
3315,2019-10,10371,10527,0.4189593139739808
3316,2019-06,44785,10063,0.43464099552208996
3317,2019-01,11161,10347,0.4194236116831474
3320,2019-08,3871,212742,0.5251036341487662
3322,2019-09,10248,2602428,0.6559939174703536
3326,2019-12,2103686,195354,0.4710392230437087
3328,2019-09,1940917,3654,0.5743395970915397
3329,2019-01,3832,207037,0.5991247592827097
3331,2019-05,3699,3666,0.5631488590093117
3339,2019-10,54171,2516689,0.5563677103935392
3340,2019-02,3867,3724,0.6030823446538777
3347,2019-09,4072,3967,0.6404417226142789
3355,2019-02,28924,34159,0.46658914871464696
3361,2019-10,27182,405461,0.5251769588607748
3367,2019-09,195354,27273,0.5122199726280433
3368,2019-08,3481,2005359,0.3604221733374277
3372,2019-11,98989,373773,0.6290422935884037
3373,2019-10,200425,3464,0.6835711363201584
3377,2019-02,54351,64318,0.4178811579014887
3386,2019-01,51673,11161,0.39538788868374686
3394,2019-10,49954,95506,0.46328699131760126
3402,2019-08,200399,53840,0.47151414690891896
3403,2019-02,2602428,10383,0.423885248415247
3404,2019-08,10249,191910,0.4673968775643429
3408,2019-11,2616345,51794,0.4258117685542802
3412,2019-10,93398,3699,0.4815517367091644
3417,2019-11,98989,5225,0.5481621983464575
3419,2019-11,55965,205032,0.39002305806113696
3422,2019-01,10577,2514772,0.44175381219914084
3423,2019-10,224142,196974,0.3196305126615033
3424,2019-10,253923,3994,0.3457925785282483
3434,2019-09,53028,252053,0.4433860823837581
3438,2019-02,11767,10281,0.5142146897118924
3439,2019-09,84513,45507,0.6327788521606506
3441,2019-08,3462,1978582,0.3440790174074019
3445,2019-08,83218,53840,0.5288438281412577
3450,2019-02,11558,844356,0.5938586218401851
3452,2019-07,5218,1517181,0.6457051195191555
3453,2019-08,4515,3871,0.6396318123080638
3455,2019-10,44970,10351,0.5622246583788764
3456,2019-09,3746,2085750,0.5331722759800671
3466,2019-03,83015,74588,0.5286842606481713
3467,2019-09,11666,219786,0.41912705558681523
3468,2019-09,2070519,33380,0.5285110388224801
3469,2019-02,70649,57418,0.6876146229078779
3470,2019-02,196974,2085750,0.5961385093636815
3472,2019-10,200425,53840,0.467333410374889
3476,2019-09,1459374,53028,0.46713349278750277
3479,2019-03,206335,64618,0.45389524885560156
3480,2019-09,4464,1194009,0.6228358686795301
3484,2019-08,224142,3607,0.5612112993956065
3487,2019-01,11342,10850,0.6344298654631305
3490,2019-09,54130,49954,0.47125804270762456
3492,2019-09,2594847,4151,0.5896260663814004
3497,2019-08,77442,10766,0.5587560393102702
3500,2019-03,65308,10695,0.560870527366966
3501,2019-03,4372,3569,0.5621411316787482
3506,2019-03,10473,11767,0.4998177492596239
3507,2019-11,734160,1570645,0.3996686292157877
3510,2019-05,3882,3967,0.5585348306503095
3515,2019-05,207039,67412,0.45060041606281137
3517,2019-09,3967,4464,0.2967218232188643
3520,2019-07,64324,2106396,0.5689906255790284
3522,2019-10,51927,2555953,0.6054471663520793
3526,2019-08,2594847,50454,0.5946174716801693
3527,2019-09,28527,1398938,0.3169059599043424
3528,2019-08,3878,95506,0.5761778096235126
3540,2019-02,28097,1517181,0.4699857494142983
3543,2019-01,10310,11666,0.4562296615666888
3550,2019-09,52873,218163,0.40993746440313444
3553,2019-07,2530168,2085750,0.44579011493548026
3554,2019-11,2096652,55856,0.46067194246314774
3558,2019-03,260593,94283,0.3420969694332205
3562,2019-10,1625971,4021,0.37421238826169423
3567,2019-09,52833,205438,0.5329605674290219
3569,2019-10,3761,3993,0.47663907547109213
3572,2019-03,1871321,191910,0.4898837588863696
3577,2019-09,95506,3587,0.5090050834997543
3583,2019-09,200399,53374,0.42932762098271027
3584,2019-02,1978582,2537714,0.6070951591970343
3585,2019-03,2516689,3828,0.3111374717475343
3586,2019-08,10339,10310,0.4151124904872313
3590,2019-09,10310,10793,0.40559898358165597
3591,2019-08,3458,4151,0.5096474456104652
3596,2019-10,10246,11063,0.5407347957060961
3598,2019-10,49954,218163,0.3437255412762008
3601,2019-07,252053,208113,0.5836330925626418
3602,2019-10,52833,91084,0.3796185961305205
3603,2019-03,76531,224134,0.5733896797561295
3606,2019-09,10769,223621,0.6469043822444887
3614,2019-09,1607952,50772,0.34564108382442293
3615,2019-10,71334,10347,0.4172883246568874
3616,2019-09,3659,203816,0.4690937785914176
3621,2019-03,10347,11359,0.6182510841605817
3622,2019-10,1609088,64618,0.4289825146901658
3624,2019-01,4464,51297,0.6524665189643647
3629,2019-08,2085751,81226,0.40896950080126715
3636,2019-08,80810,247320,0.2385850917760016
3643,2019-09,3867,206796,0.5247474866617875
3645,2019-10,45432,51304,0.4867238222715623
3648,2019-06,4487,218755,0.4609386769376454
3649,2019-12,207039,2098986,0.4695819731483146
3650,2019-01,11370,268262,0.5787110390390916
3655,2019-03,206783,4508,0.5765138559384554
3658,2019-07,830070,3558,0.5201927657212629
3663,2019-09,3644,1740216,0.2404923206396176
3667,2019-09,58289,1948598,0.509015912646342
3669,2019-08,10854,51673,0.5257951826601946
3670,2019-08,3608,93398,0.4491618555737532
3673,2019-12,802298,5218,0.3840819262714111
3674,2019-09,67623,206796,0.5620534161156345
3677,2019-07,2616432,135440,0.45107787381930603
3679,2019-10,4515,3962,0.6449301139741608
3681,2019-08,24753,10324,0.4376806419410731
3683,2019-11,141998,55282,0.6849761699726629
3686,2019-03,10307,10351,0.6453618269887218
3688,2019-10,4133,2544742,0.4978638207715232
3689,2019-10,1008596,1863628,0.5080356631266604
3702,2019-10,1976304,34201,0.5451295020136133
3703,2019-07,308451,53292,0.451536970181928
3704,2019-09,806774,1971098,0.3859243226649397
3705,2019-05,57529,4072,0.48461055670865677
3708,2019-09,10537,10751,0.6143308730767703
3709,2019-08,3686,3503,0.3947132350307797
3710,2019-07,981589,11140,0.42891446319247367
3719,2019-04,836822,64618,0.5380360281203461
3724,2019-03,11247,11035,0.48166270398680855
3725,2019-10,3587,235621,0.34001320973614374
3736,2019-02,2114659,10774,0.4147257994676958
3739,2019-03,11042,11361,0.442021369638953
3740,2019-01,224134,3478,0.24369984718265963
3742,2019-09,4128,1008596,0.4957632344631104
3746,2019-08,64324,3723,0.5749722678926303
3749,2019-03,34103,10322,0.6400002876818344
3750,2019-02,85223,65308,0.5567482750210987
3751,2019-02,3761,3462,0.6553242305065382
3752,2019-09,2566922,55282,0.41220670807578264
3754,2019-09,10244,2114659,0.5837903367214664
3758,2019-08,10274,11348,0.5283380119185644
3762,2019-09,47138,3718,0.4882361066696921
3764,2019-03,11558,10854,0.6948493897049053
3765,2019-10,3587,52341,0.41502560595053456
3766,2019-08,28145,2502217,0.5171147019412424
3767,2019-08,51296,53374,0.30653087533792184
3771,2019-08,52294,606930,0.4576751639561244
3774,2019-09,3828,95506,0.657724843526667
3777,2019-06,3679,4190,0.5779345842805328
3782,2019-02,28487,10292,0.5707517464644735
3785,2019-08,2524041,240233,0.61562598147458
3786,2019-09,1607952,28097,0.631261578511005
3789,2019-03,10249,11356,0.46415883462907226
3796,2019-08,54351,51296,0.42605593474165165
3797,2019-02,191038,593241,0.3095477297310908
3801,2019-06,27273,4487,0.5021239978150684
3803,2019-08,1740216,4072,0.5573270924957144
3805,2019-08,2115126,4072,0.36860868997519347
3807,2019-07,135440,74716,0.5649718201367298
3810,2019-09,268261,70649,0.3670245315520208
3815,2019-08,87175,56823,0.5085784693905867
3826,2019-09,3495,3994,0.43840623344137897
3832,2019-10,2085750,252053,0.5292932706895858
3835,2019-09,3679,200425,0.4499889641708279
3836,2019-08,42681,58977,0.566579624102587
3841,2019-02,10850,219786,0.3989014555000037
3844,2019-11,77968,218163,0.5625781297039425
3850,2019-10,3654,3469,0.453477741224179
3852,2019-09,60718,3867,0.2945452656220161
3856,2019-10,207527,54182,0.5412022772064922
3868,2019-08,11558,52345,0.7200289313406385
3874,2019-03,2590128,67591,0.5822289718017017
3880,2019-08,1244046,28150,0.4774897852789848
3881,2019-08,80810,69327,0.4016681325173619
3882,2019-07,70649,11767,0.5678726423091561
3883,2019-08,1784530,10412,0.5273046272609642
3890,2019-07,1863628,3724,0.45809590701681774
3898,2019-11,153710,1398938,0.4106520204548707
3905,2019-03,10306,10695,0.5489579100150456
3910,2019-11,3960,3723,0.4278844668797795
3911,2019-09,10479,51304,0.5983427002735129
3916,2019-10,64700,55210,0.634093311633478
3923,2019-10,4622,79558,0.45361085804076706
3924,2019-11,3673,3608,0.5663797089462907
3933,2019-09,53449,66480,0.6521333817562357
3936,2019-01,98984,268261,0.3132533094676199
3939,2019-08,28085,2087254,0.5109195191050543
3940,2019-11,405461,3982,0.43409020993312036
3942,2019-10,53374,52294,0.6180113385248814
3943,2019-10,224678,207438,0.5139489732767971
3949,2019-10,204410,3761,0.46665828411201593
3950,2019-11,200392,7479,0.43826224974823375
3952,2019-08,593241,10290,0.6859561496989798
3956,2019-10,1978582,1740216,0.43632340178178874
3965,2019-08,3713,247320,0.27392872387717504
3969,2019-01,10283,11035,0.4664220232488997
3971,2019-09,53028,2204585,0.47517594040976047
3973,2019-03,4515,3456,0.46249534306112333
3978,2019-03,11370,10281,0.40397513171258026
3983,2019-01,3456,4031,0.654069380786752
3984,2019-08,1607950,10769,0.4509125584794809
3990,2019-10,207438,204410,0.40881216278210286
3991,2019-10,273950,3967,0.517198403729359
3992,2019-08,10319,10274,0.47063830556056296
3993,2019-01,53374,4372,0.7064770410297536
3995,2019-08,76892,74588,0.5293346068614508
4001,2019-09,24753,10766,0.48238901484995644
4006,2019-09,2096652,51547,0.34142569781397136
4007,2019-07,1398938,3484,0.6064561153411826
4008,2019-08,11361,10344,0.5443684296385626
4011,2019-03,83218,73237,0.6826638371527893
4013,2019-01,398304,10246,0.7428963795364386
4015,2019-02,42469,1739159,0.48931723559786783
4016,2019-11,54846,27335,0.5066999535377251
4017,2019-11,439496,54846,0.5651250416032915
4020,2019-07,4073,94598,0.6368596099553893
4024,2019-01,3867,94283,0.39582155353770226
4025,2019-10,11318,74148,0.47410293981146767
4035,2019-08,95375,84505,0.5862472446905673
4036,2019-01,3564,3469,0.3694603690649385
4037,2019-08,3569,55908,0.359733280090708
4044,2019-08,3867,3474,0.6830857151000673
4053,2019-10,11042,10885,0.6511054008423542
4055,2019-01,10322,10759,0.4639911843118207
4056,2019-08,308451,2590128,0.45634350518604183
4062,2019-01,85223,10274,0.5092957811509695
4063,2019-10,10244,56801,0.5089270277067898
4067,2019-02,3698,3488,0.4630190855994519
4068,2019-08,1570645,87175,0.5609263191186766
4072,2019-01,53391,11342,0.3699254545113952
4083,2019-09,83713,3673,0.41624383866971415
4086,2019-08,65365,53449,0.47863876517693865
4093,2019-07,51245,55210,0.5016325668766337
4094,2019-10,198546,3481,0.5972460185351672
4099,2019-07,2087254,3766,0.37161754917123935
4103,2019-08,10246,65308,0.5505632864917129
4106,2019-03,4690,3503,0.45302992758199984
4108,2019-09,76531,3810,0.637559416009894
4110,2019-11,182464,54182,0.5619540885916244
4111,2019-09,10347,10378,0.42661132621891024
4112,2019-07,137424,93398,0.507359358070193
4119,2019-08,268261,11134,0.49357508420970914
4134,2019-03,51094,10378,0.3028304843845703
4140,2019-01,10759,84281,0.42595448509520073
4142,2019-01,2616345,3458,0.5353438190271084
4144,2019-10,2590128,49924,0.5261580283752175
4151,2019-03,1685942,2035498,0.48318374818098325
4153,2019-05,5218,1863628,0.61620609894294
4154,2019-09,10352,10759,0.3105130161376261
4155,2019-12,802298,86294,0.4596778638964776
4173,2019-11,224678,218163,0.36832217270237844
4175,2019-07,2047419,981589,0.5622695797768007
4176,2019-07,2085750,200425,0.4046892606607624
4181,2019-07,3711,3832,0.4384028982011572
4183,2019-09,3878,3654,0.5111425577312896
4196,2019-08,50113,1393071,0.5989605485533769
4198,2019-02,2118860,58893,0.5437764365961576
4207,2019-05,802298,4073,0.3725820168422849
4214,2019-09,50772,1570645,0.5938848361559846
4217,2019-11,308451,3608,0.535391021091437
4218,2019-07,2103686,81226,0.3620233684363159
4219,2019-05,3961,2526148,0.607422173082696
4220,2019-08,3700,224142,0.6239512899395306
4222,2019-10,52294,3456,0.38170097660981017
4228,2019-10,2104153,4954,0.5222513071097554
4231,2019-02,10759,10479,0.48298517201621777
4233,2019-08,10479,1736726,0.5233362674970027
4234,2019-03,11666,10338,0.5144226625768797
4235,2019-03,10347,10590,0.6856652449114495
4239,2019-03,83015,51547,0.349595450119961
4243,2019-07,4690,1157738,0.6942143518365345
4246,2019-07,252064,1973165,0.4949589267413923
4248,2019-11,3901,90634,0.558506627899632
4249,2019-10,3962,198546,0.4543710751502218
4251,2019-09,1083703,3967,0.5263678331324242
4254,2019-08,60156,1299416,0.4793089904715311
4255,2019-07,2204714,69327,0.3520497105207571
4256,2019-01,364584,50083,0.4752310828185933
4261,2019-07,4690,70622,0.5269339341665005
4263,2019-10,373773,2525708,0.43241574024938173
4266,2019-09,167938,11076,0.39587733884671433
4269,2019-03,364584,11666,0.4091129787893179
4276,2019-10,4690,177312,0.6599058119165327
4285,2019-08,3766,54171,0.6230496496988439
4292,2019-10,364584,161912,0.42344690742477703
4295,2019-03,10307,10469,0.4800242985486452
4296,2019-05,1940917,207050,0.6391765196379032
4297,2019-08,1393213,4031,0.5092910242315383
4300,2019-11,64324,55210,0.6260263792379958
4301,2019-08,34103,10749,0.7170470178136216
4306,2019-08,3498,83218,0.29550486257880626
4315,2019-09,10479,219786,0.4853078830013568
4317,2019-08,10479,378488,0.4561067622338247
4318,2019-02,3619,4348,0.5186580867978848
4326,2019-07,55282,53292,0.5430739845408666
4331,2019-03,3687,1964059,0.5300863400650476
4333,2019-02,10788,28924,0.4266137460944364
4336,2019-11,5164,9505,0.6128614861268852
4338,2019-09,28431,240233,0.6189636078923165
4342,2019-08,49953,3832,0.4934225210801412
4349,2019-07,10307,52345,0.6551409900778608
4356,2019-09,53085,82651,0.45265913287183573
4357,2019-09,3671,3605,0.4816333072172533
4359,2019-10,3718,3982,0.2845856299556486
4360,2019-02,44970,74588,0.5558193588585927
4362,2019-09,3466,141998,0.25794820447599615
4363,2019-08,2595931,45507,0.46325712725189383
4364,2019-09,11370,34159,0.4925717190763705
4365,2019-08,4508,162815,0.4774855027989479
4366,2019-01,10351,252064,0.419946759059012
4368,2019-08,217512,4372,0.6798008725303908
4370,2019-08,11349,10281,0.5398201291576394
4376,2019-08,11076,79636,0.6207511325234164
4377,2019-02,55282,207037,0.609934067624286
4378,2019-09,52886,218159,0.5723335063060597
4382,2019-01,268261,1969408,0.5889183719786842
4384,2019-09,53391,191924,0.5616258019242923
4386,2019-01,161912,10244,0.5126033677186753
4388,2019-10,3828,176778,0.6233593146092286
4389,2019-10,3982,3458,0.6955178648366163
4391,2019-10,59382,4464,0.32515450633535287
4394,2019-07,2095346,64700,0.4202439186931707
4398,2019-11,176778,142094,0.5277698465740872
4403,2019-01,3761,1570645,0.4782229410601999
4404,2019-07,4401,93398,0.459902073510995
4405,2019-02,94283,3993,0.6115881639842927
4411,2019-03,10322,10885,0.6950612929479381
4412,2019-07,1618756,2044152,0.4114611322585869
4413,2019-11,2594847,1948598,0.5438384192341482
4416,2019-10,11342,11348,0.6193161414775888
4424,2019-08,2093825,125087,0.43360849535779805
4428,2019-08,142094,52337,0.6048480032775275
4431,2019-05,3905,5225,0.5203618773375234
4432,2019-11,46561,4622,0.5615188980439215
4434,2019-12,50083,59434,0.5020953163427886
4440,2019-02,2611278,11076,0.33328650830427287
4450,2019-11,919337,115535,0.45750010298521404
4451,2019-11,64324,57529,0.4564514886166723
4454,2019-08,170791,2035498,0.4852684503846636
4458,2019-09,3967,4073,0.35217333109753857
4460,2019-10,67499,93116,0.5421356919647037
4464,2019-09,10885,11076,0.2591627472112184
4466,2019-08,51094,1736726,0.36616161510570266
4477,2019-08,53368,2555950,0.5141812208412238
4479,2019-12,10850,1969408,0.5346749509378721
4481,2019-08,1608108,3713,0.5051155588524181
4485,2019-11,51790,3839,0.49574020778322747
4487,2019-11,90634,3878,0.4253278912733019
4493,2019-08,83218,49953,0.646232591321335
4494,2019-07,51322,4169,0.6179538208255654
4500,2019-05,87295,28080,0.42614158412906566
4501,2019-05,3679,5218,0.501608531719691
4502,2019-02,3587,4690,0.3895755637177536
4503,2019-10,207438,54351,0.5228932916679006
4506,2019-03,1711873,79623,0.517438427135899
4508,2019-08,253923,1940917,0.28795812345304483
4511,2019-09,4487,45571,0.5982297525781498
4513,2019-09,52346,11140,0.5694400781557025
4517,2019-02,10769,10469,0.5136594982774023
4520,2019-10,27335,4401,0.47893599603675585
4521,2019-11,3699,207050,0.5298809291662847
4525,2019-09,45571,2530168,0.3741323162520562
4534,2019-03,10340,2602428,0.5804098122476841
4536,2019-07,28487,981589,0.6181189455315729
4538,2019-09,1863628,2617037,0.4834448514858508
4544,2019-05,3460,207050,0.4518951995382211
4547,2019-12,94598,5218,0.3745228359854188
4550,2019-02,240233,10303,0.3928333779539113
4552,2019-02,3490,3499,0.5699654009321568
4561,2019-01,3698,53374,0.2635111999138346
4570,2019-08,54351,49953,0.387743985667779
4571,2019-09,86299,1983491,0.4351727459818748
4574,2019-08,3499,76531,0.3300097646879508
4577,2019-10,4047,4073,0.405087832675412
4581,2019-08,3993,83218,0.4081223443188028
4583,2019-08,203816,3481,0.5481983045108006
4585,2019-11,58289,2544742,0.48848962724999384
4587,2019-03,10885,10246,0.29416195221314795
4590,2019-10,55908,53840,0.40585169723019354
4595,2019-10,3982,1984892,0.6574495759221872
4597,2019-02,4031,3867,0.44026521549962827
4598,2019-08,2516689,3495,0.4530463172051301
4604,2019-05,5225,1008596,0.4812547199507682
4610,2019-10,3617,1398938,0.44994835826183066
4612,2019-11,4690,55282,0.5179898779635035
4613,2019-10,3758,77968,0.25590835084799085
4615,2019-09,11767,11640,0.6018462794465382
4617,2019-08,71334,10550,0.5407405603707681
4622,2019-09,216450,56823,0.42565663330473
4627,2019-01,10590,1609088,0.4524842063244103
4628,2019-11,1398920,2047419,0.4031528851262358
4631,2019-03,3456,73237,0.6947209910331831
4635,2019-11,10305,10794,0.6072694414640812
4637,2019-09,42919,2530168,0.46707118537808207
4638,2019-08,3691,67623,0.3850535914283636
4641,2019-02,53840,3878,0.6105129520122548
4646,2019-11,1973123,27335,0.5926938431212025
4647,2019-12,11286,10811,0.43495305207297397
4649,2019-08,378488,85223,0.5773738764580997
4655,2019-01,3943,3607,0.5858535506982433
4659,2019-11,2617037,150075,0.4789793257272449
4661,2019-01,4193,3691,0.35789381389601793
4663,2019-03,51673,10695,0.43901027213088534
4666,2019-08,3713,3464,0.5497378787349235
4668,2019-07,1948598,208113,0.5627720024909431
4670,2019-09,4299,3701,0.5244410775961597
4675,2019-03,52337,3734,0.38643749115636417
4676,2019-09,95524,51794,0.46037747657341854
4680,2019-03,100217,364584,0.6454758290885639
4684,2019-07,2616345,74716,0.5476951523826462
4694,2019-05,207050,1008596,0.5032682665868121
4695,2019-08,53840,3644,0.7757351508660222
4696,2019-03,54351,2611704,0.4378494832104345
4698,2019-10,52873,95375,0.4860003356401452
4699,2019-02,3460,2005359,0.321595744918343
4700,2019-09,52341,67623,0.40741692707939836
4701,2019-09,71162,80810,0.5086873631622894
4706,2019-02,200399,3993,0.5354808822417044
4711,2019-08,4690,3466,0.5870818998339713
4713,2019-11,51245,55965,0.48565125316041124
4715,2019-07,55908,3994,0.520254579236686
4716,2019-03,3959,3993,0.40479115256479653
4719,2019-01,53198,219786,0.3698059887219977
4720,2019-10,2616345,3482,0.5235732818016379
4725,2019-02,3701,3828,0.30672139697272893
4730,2019-10,3867,3761,0.5311094092299635
4732,2019-10,4047,196974,0.366793245945372
4734,2019-09,206783,3882,0.5686565204343591
4738,2019-03,142094,3832,0.4359242840885241
4740,2019-08,3478,4193,0.8372611424437283
4745,2019-08,3761,1984892,0.5850632576867942
4748,2019-09,11274,10793,0.3941798159984684
4759,2019-02,1194009,2085750,0.49489203155972944
4766,2019-07,3619,4401,0.5652350193874581
4769,2019-06,1607539,64700,0.41964769173404615
4773,2019-08,84505,166504,0.4040921867569074
4776,2019-07,96338,806774,0.6698180224856879
4779,2019-10,52294,83218,0.3950600549499886
4781,2019-08,207438,53374,0.26449941463886434
4783,2019-02,92088,2611367,0.5682795769393636
4785,2019-08,27182,53449,0.5616254712670296
4788,2019-10,76935,1984892,0.5280815989554983
4791,2019-01,4151,4372,0.45060713529088353
4793,2019-10,3654,3927,0.6903150882495678
4794,2019-07,1554636,166504,0.41396857226063627
4796,2019-08,52294,224678,0.6191132308664441
4797,2019-03,4072,806774,0.6652475199254284
4800,2019-10,3882,2596786,0.5384233908847713
4802,2019-08,10378,85223,0.5811994755784381
4805,2019-02,54309,10850,0.4813561715013139
4806,2019-08,3766,51296,0.61694467774766
4811,2019-08,10246,11134,0.4859987815042161
4816,2019-03,3701,606930,0.3147491020016218
4818,2019-11,52294,4515,0.41774586470853176
4823,2019-02,3828,151401,0.6395195668424882
4824,2019-09,252053,3718,0.5815378035374638
4828,2019-03,259658,10789,0.45884809859812553
4829,2019-09,55282,51288,0.5892051736098731
4831,2019-03,10766,2514772,0.5245448734432125
4842,2019-09,1393213,405461,0.46966435515429755
4845,2019-10,67623,3456,0.43869490830590224
4852,2019-02,206335,10248,0.3587079459264608
4855,2019-11,2070519,2085751,0.4928510225498368
4858,2019-03,3700,95506,0.5938824608952996
4859,2019-12,85223,50083,0.5987052376362996
4862,2019-09,2231281,41562,0.5318696279397493
4863,2019-10,2088345,1740216,0.3691279877937512
4864,2019-11,1517181,4021,0.38008322243256387
4875,2019-10,53255,3700,0.38788635871730887
4876,2019-10,4487,2245575,0.47951431792888266
4877,2019-10,206783,57433,0.6033507205886285
4878,2019-09,60718,2088345,0.38423956242108886
4881,2019-10,45507,10807,0.5147363767882611
4885,2019-02,200425,207037,0.6751720060014484
4889,2019-07,51259,3718,0.4510104366092951
4895,2019-12,65329,11461,0.5403680055715626
4896,2019-07,2070519,55419,0.5988196382702211
4900,2019-07,1399808,806774,0.5637406253158022
4902,2019-08,2035498,52346,0.44348905274505507
4904,2019-08,3745,1740216,0.3164316487838911
4908,2019-10,192639,93116,0.618834449403179
4910,2019-03,2526148,1601923,0.4402180240443594
4911,2019-10,77442,28150,0.5392345350601337
4918,2019-08,3702,1398935,0.4658059161805427
4924,2019-09,49884,41668,0.5630916146119546
4925,2019-01,10850,10383,0.4996532519447437
4929,2019-03,65308,844356,0.48591709115969395
4930,2019-09,3644,4072,0.2850269510865502
4933,2019-01,11095,191924,0.5469032766387886
4936,2019-02,51673,10351,0.49386064392294166
4938,2019-07,28527,51259,0.5168335806990977
4942,2019-11,79623,1740216,0.2777252615373059
4949,2019-03,11359,378488,0.31818512573673163
4950,2019-03,3685,3994,0.3948698987548916
4953,2019-07,5069,1978582,0.37720934434833714
4956,2019-05,64700,87188,0.5985717908734399
4960,2019-11,2594847,69327,0.48625875620088554
4962,2019-07,4151,3994,0.39083089934860094
4963,2019-01,95506,49953,0.433016362920354
4965,2019-09,1608108,3654,0.45339470867526943
4968,2019-08,10885,52346,0.3027908854710924
4969,2019-09,1948598,2085751,0.49793958722210047
4971,2019-07,4560,1984892,0.44742877036123485
4977,2019-03,4560,3701,0.5036228188331735
4982,2019-07,3711,3766,0.36839908234583113
4991,2019-08,51222,3882,0.3870830357795547
4992,2019-09,153710,4348,0.5019253745792123
4993,2019-01,3927,4686,0.26222907767488596
4997,2019-08,4690,1194009,0.5482866833400759
5001,2019-01,151401,53840,0.33700291052369613
5002,2019-08,2566922,84505,0.535762899826649
5004,2019-08,167901,10303,0.534891223217019
5005,2019-08,85223,10305,0.5272473606022977
5010,2019-02,2611704,3458,0.5432672861126034
5011,2019-03,83218,3456,0.48594288508592004
5018,2019-01,10759,10344,0.5718129866326379
5022,2019-10,96338,4169,0.668056125835509
5024,2019-11,830070,2500037,0.49684308561687585
5025,2019-03,10473,10759,0.5519361560937497
5026,2019-06,1393213,1607952,0.5231644714869305
5032,2019-10,2563348,207050,0.4827662470900458
5034,2019-02,59434,398304,0.1908489489353376
5037,2019-01,10479,11359,0.6424695161981748
5039,2019-08,1948598,217512,0.3176787178711897
5042,2019-10,50113,11541,0.5846762479851997
5043,2019-09,4487,2500037,0.44398528374874663
5051,2019-01,28924,167938,0.49995433904869896
5058,2019-09,54171,166504,0.46342050058707895
5066,2019-08,60157,3761,0.34993279552885015
5067,2019-09,3699,4733,0.583609348338744
5068,2019-08,1969408,219786,0.3661040403419704
5076,2019-10,4802,56823,0.4712016527001985
5079,2019-10,10537,10850,0.5132577699167971
5080,2019-07,195354,4726,0.389119702786005
5084,2019-11,125087,3558,0.5323225033743492
5089,2019-10,57529,3558,0.5833368955073126
5091,2019-05,4021,67591,0.6202275151067772
5092,2019-09,11558,836822,0.5810663860945947
5098,2019-03,10242,50083,0.5446243304423546
5101,2019-10,54846,28085,0.428542072366351
5105,2019-02,28900,53198,0.5117545599007457
5107,2019-09,4802,2005359,0.3907142419985239
5109,2019-07,2093825,47138,0.5382298568923031
5119,2019-08,161912,11599,0.40557606210791
5125,2019-07,5218,3765,0.6918368601148578
5128,2019-10,65230,75587,0.4849832625481761
5131,2019-09,54458,262476,0.38450598398745395
5132,2019-10,60156,176778,0.3964016971552195
5136,2019-08,10287,259120,0.6604441011703233
5138,2019-08,51790,53449,0.423377846439846
5140,2019-09,74148,153464,0.47950766088807883
5148,2019-08,2170539,4072,0.44486989459348597
5152,2019-10,4417,1940917,0.30572666237966983
5153,2019-10,206783,4464,0.4130507988081526
5154,2019-02,3961,3761,0.5280011901172277
5160,2019-03,10287,10378,0.40421182862984717
5164,2019-03,53374,3456,0.49969529991908695
5165,2019-02,142720,11640,0.5674125236850293
5171,2019-10,53255,3475,0.3618685902063727
5176,2019-07,3666,1570645,0.3457063191232903
5177,2019-09,3498,53449,0.4256171571551031
5178,2019-03,49869,3761,0.3820894981636386
5179,2019-02,11695,10839,0.458688289710479
5182,2019-01,10347,11356,0.6080727008981731
5184,2019-10,253814,206783,0.38721241768744846
5186,2019-08,10307,84513,0.43963040718570906
5188,2019-03,1398936,3558,0.4903904341868854
5190,2019-08,206794,1374418,0.5022633261403443
5199,2019-10,3959,54351,0.5749438268930216
5203,2019-11,1609083,54847,0.46563805588090806
5204,2019-09,3569,200425,0.3043199242406491
5206,2019-01,3691,3498,0.5524133470843474
5208,2019-11,4690,28085,0.5762407909437788
5216,2019-08,86294,28080,0.47661896844078067
5218,2019-10,10242,364584,0.5690877976627975
5221,2019-10,2085750,212742,0.5339484008415762
5227,2019-02,10903,223621,0.5274920769268526
5232,2019-08,10322,28145,0.5307481181959508
5251,2019-06,72527,2544742,0.490373122779026
5253,2019-08,95506,52886,0.43995062014621233
5254,2019-09,55282,1398938,0.47724721266594067
5257,2019-02,196974,5059,0.6503983822917158
5258,2019-09,10346,34144,0.6372433399136088
5261,2019-07,3766,3558,0.6341648673641151
5263,2019-03,4417,3702,0.40846825837043543
5265,2019-08,66480,3458,0.44657064228700577
5269,2019-09,11361,11359,0.6002970455441798
5270,2019-09,218159,3507,0.5200326384841865
5275,2019-08,1969408,10307,0.43545548673727
5278,2019-01,10766,50083,0.512009086756846
5280,2019-07,1570645,54171,0.6008948839423346
5281,2019-01,206806,196974,0.39231549111254194
5297,2019-10,3700,4031,0.5221594653574052
5299,2019-01,11035,10793,0.405282808581016
5301,2019-01,4984,151401,0.4579424509198823
5302,2019-12,2526148,4072,0.41270698010787826
5314,2019-10,1940917,207061,0.6907541082608251
5315,2019-01,10864,58235,0.3907013262140472
5317,2019-07,4190,51288,0.53252937097678
5319,2019-08,3871,53374,0.32676601030022673
5320,2019-08,10248,77442,0.5598774170613581
5329,2019-01,224678,3469,0.38013948384119184
5332,2019-09,55200,45447,0.4784036425036888
5334,2019-10,197507,28527,0.5176200115577977
5342,2019-01,2611704,3701,0.556005134877527
5346,2019-09,3967,3882,0.44146516934969054
5347,2019-08,3700,2611704,0.5786891819390344
5348,2019-01,67623,3855,0.7036122706483411
5350,2019-09,146056,259658,0.6263093139354752
5352,2019-08,3503,75587,0.5773664032482634
5356,2019-02,1607952,2611704,0.543177890777299
5358,2019-02,58235,11640,0.5135956506733959
5361,2019-09,217710,4073,0.3626944222979464
5368,2019-10,67623,207438,0.6851347375042253
5370,2019-08,54171,2590128,0.4839633232154753
5372,2019-10,42381,34159,0.40787804531109456
5381,2019-10,2594847,3982,0.37701931845283154
5384,2019-10,94283,53374,0.5068084474023759
5386,2019-03,10319,10479,0.4278213637944914
5393,2019-08,2005359,27335,0.6797525561769836
5394,2019-10,10788,2555953,0.5774969494261954
5397,2019-09,1601923,2089548,0.6232890464783586
5400,2019-10,3901,77968,0.375197236671688
5402,2019-09,2005359,73237,0.6077132032555418
5404,2019-03,84281,10344,0.6428207445354486
5406,2019-11,51289,51433,0.5256140784699102
5408,2019-02,24753,10346,0.4204597423443705
5411,2019-03,73237,3691,0.47310818002475574
5413,2019-07,4690,5069,0.6236358534388108
5415,2019-10,3701,95161,0.46229322100846754
5417,2019-06,195354,54902,0.5141398693275182
5421,2019-10,91084,2596786,0.6489983125081662
5423,2019-01,28145,45027,0.4221600785483472
5427,2019-11,96338,1948598,0.6031678304969339
5430,2019-09,153710,3679,0.41238420118346103
5431,2019-09,3887,51222,0.5712718548091247
5434,2019-08,1393213,218163,0.45732716947169855
5438,2019-06,3480,55419,0.5516013679980373
5439,2019-10,3785,49954,0.53997095579985
5445,2019-04,10344,10322,0.46382161421758167
5451,2019-06,72527,84505,0.5591790453256399
5463,2019-09,51245,4464,0.2629743318612657
5464,2019-11,2095984,4075,0.5163919135485983
5465,2019-09,200392,3460,0.5450798392659996
5471,2019-05,3679,9505,0.6996621999938281
5472,2019-09,4205,52886,0.7331380114638708
5476,2019-08,50083,378488,0.32914044497047606
5480,2019-03,51297,2601750,0.642607572379171
5483,2019-09,203816,94598,0.5641195594721322
5493,2019-10,200399,3871,0.6078428285022734
5498,2019-11,1394174,84486,0.5167189851190861
5501,2019-02,3659,3867,0.379515286334168
5506,2019-10,259658,11599,0.33479179182104063
5510,2019-07,195354,207050,0.49317492761922743
5513,2019-03,3685,206796,0.3624196633641028
5520,2019-02,10767,42790,0.4969420988979969
5522,2019-10,3718,5164,0.4389776695702847
5523,2019-03,73237,49953,0.4592105834659828
5524,2019-08,161912,10340,0.5014233721790134
5528,2019-02,70414,3460,0.5237803001994709
5532,2019-02,4372,4686,0.3901736294296939
5534,2019-03,3673,260593,0.4498734587486939
5536,2019-10,55908,3654,0.5281963950873435
5537,2019-09,1459374,45571,0.5636110484858808
5541,2019-09,51322,45571,0.6747568568125096
5554,2019-10,1398938,3605,0.663589066096094
5556,2019-08,3589,3486,0.582150130619252
5558,2019-09,4128,2103686,0.5282833205564702
5559,2019-08,3724,206796,0.42085756342055286
5568,2019-08,11348,10310,0.5390369187055545
5575,2019-08,28399,10751,0.4888545568147951
5577,2019-03,4733,1863628,0.45692629205188046
5578,2019-10,75587,59419,0.47079908606196397
5581,2019-09,80810,56823,0.4145157956620969
5583,2019-10,93116,224142,0.4554155175169544
5585,2019-01,52294,4445,0.5513242101136646
5587,2019-07,54130,1945656,0.3362661540213196
5588,2019-06,2542115,27273,0.5426882171546876
5589,2019-10,3839,76531,0.3967037631997177
5590,2019-08,3462,3724,0.4136735389637459
5601,2019-08,3993,55282,0.5397310458053558
5604,2019-01,4372,53255,0.5311922253084066
5611,2019-05,1008596,207673,0.5175462054912884
5615,2019-09,3498,260593,0.4262683322182563
5617,2019-03,3702,218163,0.40434618348612333
5625,2019-09,3654,1570645,0.44238981395871013
5626,2019-05,45571,3605,0.4389815328292419
5644,2019-09,24836,42568,0.5036073967167132
5648,2019-07,27273,3679,0.37498658090219095
5651,2019-10,212742,49954,0.5623902322682938
5666,2019-09,5218,4075,0.5774163586266026
5667,2019-11,4515,52886,0.6310338582284285
5673,2019-10,204410,3608,0.6085380235424366
5675,2019-02,28145,259658,0.5733066534796454
5680,2019-09,4133,51790,0.5291223075872581
5688,2019-03,10323,398304,0.1653625683200563
5693,2019-08,11695,593241,0.41519308278097
5696,2019-03,11134,10319,0.5463070365827577
5701,2019-10,2594847,1517181,0.5973921102972447
5711,2019-09,55908,60157,0.6428911229824694
5714,2019-11,4073,2526148,0.5950794064873246
5724,2019-01,11788,2514772,0.47830546040096805
5729,2019-07,4128,207050,0.49249538353836986
5732,2019-09,3466,182561,0.4912857378519685
5734,2019-08,3654,3456,0.33943942072671945
5735,2019-11,4515,3478,0.3800915188061119
5736,2019-10,49884,1945656,0.39235062370291374
5738,2019-04,11361,2118860,0.5558364296809144
5740,2019-08,3745,3810,0.5074412246972742
5744,2019-10,4515,52886,0.6310338582284285
5745,2019-01,3659,52341,0.4335501393288941
5747,2019-09,167878,207061,0.5833485614005736
5750,2019-07,76935,1570645,0.4210870475878689
5755,2019-08,2114659,10526,0.44628159171583504
5756,2019-03,55908,4031,0.5210094284283412
5757,2019-02,223621,10344,0.4148186538815479
5759,2019-09,28900,11134,0.42012704407065227
5761,2019-07,4035,47138,0.5832544964301752
5763,2019-10,10347,161912,0.5554212316796812
5764,2019-11,3488,54883,0.4951657750079024
5766,2019-02,10793,10765,0.5229242228170929
5769,2019-08,1736726,10403,0.6168482003968645
5775,2019-09,53292,53028,0.5679131000732907
5783,2019-10,240231,55849,0.4415008262949155
5784,2019-07,3894,1945656,0.4089747521620089
5788,2019-08,2566922,247320,0.2604469821759244
5789,2019-09,85223,10248,0.46885237668992946
5790,2019-03,206796,204410,0.5396895112650156
5793,2019-02,3503,3499,0.7066727420109764
5794,2019-07,27182,373773,0.7277895014063016
5796,2019-01,2596786,224134,0.45128299116451154
5802,2019-01,3959,77968,0.34604946440995277
5806,2019-09,3810,206783,0.3766074054738448
5807,2019-10,734160,806774,0.5838665173296461
5811,2019-08,74716,55282,0.37714317295597355
5812,2019-02,2085750,1887492,0.5851634012833333
5816,2019-03,3478,253195,0.7975935369109812
5817,2019-09,10277,55200,0.5237453568227017
5818,2019-11,3654,51289,0.5144262741336971
5822,2019-06,1517181,1157738,0.5560582352761385
5823,2019-09,3466,3607,0.6067214612330658
5826,2019-09,238409,191924,0.5618219869796598
5828,2019-08,11349,259658,0.7057348137138769
5832,2019-03,95161,3503,0.35144018443655817
5836,2019-09,77968,7479,0.6282991498185596
5837,2019-09,373773,4072,0.2956937520599418
5846,2019-03,11349,11035,0.6655884992747348
5847,2019-02,844356,11361,0.4679915627531278
5851,2019-08,34159,10577,0.6330587815635041
5852,2019-01,10286,53488,0.5637157026634768
5854,2019-09,10383,161912,0.49417392489374123
5858,2019-07,125000,1554636,0.5080988081995649
5860,2019-08,10788,10839,0.38287030366410457
5863,2019-08,4031,3701,0.6115098476227901
5865,2019-08,64318,2095984,0.49306126204930123
5866,2019-10,53378,1398938,0.39312849942689043
5873,2019-09,10479,58235,0.5541932368577966
5875,2019-10,308451,3460,0.5440354796929283
5884,2019-10,4205,3701,0.8044409532083868
5891,2019-08,3608,3832,0.3860912817905967
5894,2019-03,142720,34159,0.5681300803831637
5895,2019-03,2516689,53840,0.28941922713877327
5896,2019-06,54638,4128,0.39948390472475315
5898,2019-08,28145,10765,0.4544160869368289
5899,2019-01,28487,10246,0.4686688061269285
5901,2019-10,198546,57216,0.613904246015113
5907,2019-02,3462,3464,0.47722025294165604
5909,2019-01,151401,52337,0.6147806037542426
5923,2019-10,247320,3884,0.7390198061135774
5925,2019-10,11342,84513,0.5468379162688815
5933,2019-02,4193,207037,0.43416961739135274
5942,2019-07,3558,91084,0.373637777434394
5947,2019-07,303997,1008596,0.5133123460078786
5948,2019-01,167901,50083,0.5126859406357358
5949,2019-11,65365,171016,0.5095139045493505
5952,2019-11,67623,142094,0.6555919014896747
5953,2019-03,65308,10344,0.49834653974191523
5956,2019-08,10324,161912,0.5046674796838486
5958,2019-01,200425,53374,0.4252199740032039
5960,2019-08,10793,10469,0.5224089600667532
5962,2019-03,219786,10344,0.6025551314555794
5966,2019-03,1736726,11348,0.5481563052018618
5973,2019-07,81226,207039,0.6529883616785922
5977,2019-09,10537,11548,0.5682865292703002
5979,2019-08,83218,73237,0.6826638371527893
5981,2019-09,4021,1157738,0.6713670736097825
5982,2019-07,3960,3698,0.4272888860071702
5989,2019-02,92088,85223,0.4744712947031884
5992,2019-08,1739159,10277,0.5340394637784319
5994,2019-07,54171,4690,0.4186605898112552
5995,2019-06,4169,2488176,0.47124448680169495
6003,2019-09,10695,28990,0.494915638281174
6004,2019-08,70402,247320,0.2989394781901919
6006,2019-10,3687,217512,0.35429678167110357
6010,2019-10,94283,224134,0.6941639094251582
6011,2019-09,41668,28097,0.5071124345420707
6012,2019-09,28145,10246,0.45648189580221726
6015,2019-11,411593,218755,0.5120668537111939
6018,2019-09,55210,3905,0.42558508567474695
6019,2019-03,54351,3481,0.460715692595647
6021,2019-11,3671,87188,0.4613767305759903
6025,2019-09,33118,10310,0.5126675717965445
6026,2019-08,51673,10889,0.43478999950096286
6028,2019-08,56274,175894,0.5601903868790614
6030,2019-03,10760,10322,0.4120310898214239
6034,2019-03,207037,4686,0.3540463162000694
6037,2019-09,3533,218163,0.3350912304024668
6038,2019-01,2555959,11161,0.5659924191184579
6040,2019-12,4075,2093825,0.5515365688108294
6050,2019-11,58977,46561,0.3920924092205573
6052,2019-10,4151,3488,0.45092131783663003
6053,2019-09,252053,4487,0.5539943283507525
6055,2019-02,3718,3700,0.357396703448594
6057,2019-07,364584,28399,0.5431803060344823
6062,2019-10,3943,182561,0.4696468479329272
6068,2019-08,218163,3790,0.6018900021593466
6074,2019-08,70649,11558,0.5846718408793801
6079,2019-09,51314,3654,0.3759916123013499
6085,2019-09,10383,11349,0.35577337688251226
6088,2019-10,5164,27273,0.5310971798341371
6091,2019-02,55849,142094,0.48272604476590875
6094,2019-01,4151,60157,0.515757549664329
6099,2019-09,192639,172172,0.5612435810540007
6103,2019-01,398304,10479,0.7109644682142066
6107,2019-09,10352,175945,0.3467201040878162
6108,2019-08,206783,3488,0.5798265467668322
6115,2019-06,1399808,802298,0.5146276828956775
6116,2019-02,4331,3718,0.570146771634936
6117,2019-08,100217,11140,0.6096376101142774
6120,2019-09,10695,1393071,0.4617502304233974
6123,2019-10,153710,3482,0.533573372434193
6127,2019-10,53085,51794,0.3955182750628682
6130,2019-03,11134,10473,0.438957003489982
6135,2019-10,56801,10249,0.5680975631124224
6139,2019-02,10759,57418,0.5760523254697214
6141,2019-07,50772,55849,0.711979802424852
6146,2019-08,58977,4047,0.4097558230735421
6148,2019-01,224134,4047,0.5128769165653395
6149,2019-08,1398938,3679,0.5017881741445938
6150,2019-10,411593,1517181,0.5725125454812278
6152,2019-02,4031,3589,0.510782449159162
6154,2019-11,3850,90634,0.5900544618761859
6156,2019-02,11342,84281,0.49243030858642467
6158,2019-08,4151,3507,0.4951840686509394
6161,2019-08,2108184,64324,0.4092580097522787
6163,2019-03,1863628,4299,0.5023928163396584
6164,2019-08,81226,308451,0.6081958231958
6177,2019-01,10283,10319,0.42844859128938106
6182,2019-06,60718,3711,0.4036688360274693
6189,2019-09,10307,378488,0.3997321437855436
6190,2019-08,1625971,2596786,0.46360833138256025
6191,2019-10,3570,3962,0.5012047793289857
6192,2019-10,4515,64700,0.6328287456371743
6195,2019-08,84281,844356,0.6313227124415843
6202,2019-10,10249,11225,0.4742580133612544
6206,2019-08,65230,166504,0.49951843677769886
6215,2019-06,195354,51794,0.4093380622133029
6217,2019-10,195354,2596786,0.5059552776726902
6218,2019-07,179979,124948,0.5256917288142768
6222,2019-08,11599,223621,0.6807314932549995
6223,2019-08,5225,4072,0.3698112831961303
6229,2019-05,3723,1008596,0.47991807566920347
6230,2019-09,167844,1489870,0.4452762591331445
6234,2019-08,28081,49953,0.5349046552066968
6238,2019-07,4391,153710,0.4818924513704061
6242,2019-08,1398938,2089548,0.6486129806539177
6246,2019-11,51794,85086,0.5582942100269294
6253,2019-08,74911,142720,0.4082018455905149
6254,2019-08,51315,2115126,0.5035511518081061
6255,2019-09,1398940,54415,0.5998327984472268
6258,2019-09,10793,10292,0.6249233763311389
6259,2019-02,844356,10274,0.46644017710478436
6268,2019-07,368898,2085751,0.4448462591662992
6269,2019-09,198546,3993,0.4660206762247319
6270,2019-11,1601923,55282,0.49541469224368234
6271,2019-09,3503,53374,0.41931380989226186
6275,2019-09,81943,2092183,0.4683898889664149
6276,2019-11,4205,53374,0.5805095684254525
6279,2019-09,10378,24753,0.6792222689125598
6280,2019-07,2206500,28290,0.5025187584047669
6282,2019-10,3701,3878,0.3847528903986305
6288,2019-08,11359,52345,0.5710585446192992
6298,2019-08,53449,2115126,0.600122570565824
6299,2019-10,55849,212742,0.4663687345842221
6301,2019-10,4515,224134,0.655508351925352
6302,2019-10,253195,606930,0.3274297195074998
6303,2019-11,1712358,9505,0.6262486973570109
6305,2019-02,11342,10774,0.6389685815736194
6306,2019-01,4464,3475,0.5572054398070139
6320,2019-11,58289,28097,0.5926846045427526
6325,2019-11,54883,2085750,0.45687700423404626
6326,2019-09,57423,95375,0.3874559676429689
6329,2019-07,49924,3839,0.5082710631620582
6333,2019-10,3927,56797,0.3907236610329492
6335,2019-10,55908,3867,0.4610792628112538
6336,2019-09,217512,53255,0.7063636275736539
6339,2019-06,64700,1863628,0.5716417004486076
6341,2019-11,52294,94283,0.37558008672995724
6344,2019-09,3943,67499,0.5276318410618835
6346,2019-08,82405,11349,0.3764355412076373
6349,2019-07,3460,1398938,0.3464093179302189
6351,2019-07,1940917,2537714,0.6428484332447651
6354,2019-09,3718,3867,0.32342610706261227
6356,2019-06,1945656,2536184,0.6646351368436277
6368,2019-09,4035,200425,0.3674255467364241
6374,2019-09,54883,125000,0.5375889603672147
6382,2019-05,53085,411593,0.44894668523150033
6385,2019-02,3607,3619,0.37513607306757824
6387,2019-10,3570,53374,0.322765763014089
6393,2019-07,3671,1954751,0.3964252380212224
6400,2019-09,57418,11348,0.47800496363372424
6404,2019-09,10785,10751,0.5873892378696924
6412,2019-12,5218,4072,0.49583013558764494
6416,2019-07,182464,3673,0.4723462824009699
6423,2019-10,3766,51297,0.6215859701002462
6430,2019-09,10277,2231281,0.47337194464859067
6435,2019-10,56797,176778,0.4392671127011182
6437,2019-12,65308,85223,0.4432517249789013
6440,2019-09,10785,10248,0.4014655382638973
6441,2019-10,1978582,3994,0.5287446905636616
6446,2019-09,4686,49953,0.5562093720625123
6447,2019-01,3654,3993,0.4408243611330401
6448,2019-11,64700,1863628,0.5716417004486076
6449,2019-01,3503,52337,0.728903913340016
6453,2019-06,28080,1906302,0.5501032420601251
6461,2019-01,77968,3475,0.5646742339429233
6463,2019-03,11095,10769,0.42649514796237054
6465,2019-11,51289,4047,0.5303742360965258
6467,2019-02,11140,10695,0.5316733373562773
6468,2019-07,1398938,51259,0.6974928278599934
6473,2019-11,4633,4622,0.6529891991462053
6476,2019-12,2526148,3828,0.3610732723830288
6481,2019-09,2035498,85223,0.4272072714119912
6486,2019-02,76892,10794,0.498777756419821
6489,2019-10,2005359,207438,0.654608048945258
6494,2019-10,4348,3654,0.45032913355876253
6496,2019-09,1988251,3894,0.5003086720728233
6499,2019-09,10346,11161,0.5477333992911331
6506,2019-08,91084,3746,0.545173487514263
6508,2019-07,27182,802298,0.646681765740782
6515,2019-09,11370,10788,0.5986415517864611
6516,2019-09,1726478,91959,0.39951312229859026
6517,2019-02,142720,11356,0.6323852940525452
6521,2019-03,836822,10310,0.5469328661193416
6524,2019-11,3654,87175,0.5033633542560524
6537,2019-11,79558,54130,0.5884791578149522
6543,2019-02,1517181,4031,0.3839094614816271
6545,2019-08,10751,10274,0.35649582778338873
6547,2019-02,224134,53449,0.4580094836096677
